Jakayla S.,true,308,273,https://s3.amazonaws.com/uifaces/faces/twitter/rachelreveley/128.jpg
Harry M.,false,721,46,https://s3.amazonaws.com/uifaces/faces/twitter/oscarowusu/128.jpg
Winfield H.,true,571,179,https://s3.amazonaws.com/uifaces/faces/twitter/newbrushes/128.jpg
Wilfrid H.,false,235,198,https://s3.amazonaws.com/uifaces/faces/twitter/sethlouey/128.jpg
Jerod T.,false,70,2,https://s3.amazonaws.com/uifaces/faces/twitter/darcystonge/128.jpg
Kamryn L.,false,340,254,https://s3.amazonaws.com/uifaces/faces/twitter/homka/128.jpg
Aric S.,true,988,173,https://s3.amazonaws.com/uifaces/faces/twitter/dzantievm/128.jpg
Mr. S.,false,512,262,https://s3.amazonaws.com/uifaces/faces/twitter/herkulano/128.jpg
Orin R.,false,1264,123,https://s3.amazonaws.com/uifaces/faces/twitter/BrianPurkiss/128.jpg
Llewellyn W.,false,755,38,https://s3.amazonaws.com/uifaces/faces/twitter/j_drake_/128.jpg
Emil T.,true,1190,193,https://s3.amazonaws.com/uifaces/faces/twitter/motionthinks/128.jpg
Reece S.,false,1032,9,https://s3.amazonaws.com/uifaces/faces/twitter/jerrybai1907/128.jpg
Zaria T.,true,1046,141,https://s3.amazonaws.com/uifaces/faces/twitter/mslarkina/128.jpg
Kacey F.,false,971,21,https://s3.amazonaws.com/uifaces/faces/twitter/jonkspr/128.jpg
Aleen N.,true,1262,122,https://s3.amazonaws.com/uifaces/faces/twitter/chaensel/128.jpg
Maurice W.,false,193,278,https://s3.amazonaws.com/uifaces/faces/twitter/_dwite_/128.jpg
Otis D.,false,1059,132,https://s3.amazonaws.com/uifaces/faces/twitter/layerssss/128.jpg
Mrs. T.,true,120,146,https://s3.amazonaws.com/uifaces/faces/twitter/designervzm/128.jpg
Janice T.,true,176,9,https://s3.amazonaws.com/uifaces/faces/twitter/tom_even/128.jpg
Kara C.,false,252,130,https://s3.amazonaws.com/uifaces/faces/twitter/thedjpetersen/128.jpg
Angus K.,false,239,79,https://s3.amazonaws.com/uifaces/faces/twitter/jpscribbles/128.jpg
Ralph O.,true,280,224,https://s3.amazonaws.com/uifaces/faces/twitter/ratbus/128.jpg
Carmelo L.,false,984,42,https://s3.amazonaws.com/uifaces/faces/twitter/a1chapone/128.jpg
Solon M.,true,518,153,https://s3.amazonaws.com/uifaces/faces/twitter/kaelifa/128.jpg
Demond K.,false,484,95,https://s3.amazonaws.com/uifaces/faces/twitter/itstotallyamy/128.jpg
Mr. J.,true,447,90,https://s3.amazonaws.com/uifaces/faces/twitter/shaneIxD/128.jpg
Cletus H.,false,765,260,https://s3.amazonaws.com/uifaces/faces/twitter/alxndrustinov/128.jpg
Emmett H.,true,301,123,https://s3.amazonaws.com/uifaces/faces/twitter/sydlawrence/128.jpg
Sam K.,true,594,119,https://s3.amazonaws.com/uifaces/faces/twitter/enjoythetau/128.jpg
Reilly T.,true,751,85,https://s3.amazonaws.com/uifaces/faces/twitter/traneblow/128.jpg
Velva L.,true,1108,120,https://s3.amazonaws.com/uifaces/faces/twitter/kirangopal/128.jpg
Raphael B.,false,74,224,https://s3.amazonaws.com/uifaces/faces/twitter/spedwig/128.jpg
Mable L.,true,214,160,https://s3.amazonaws.com/uifaces/faces/twitter/kylefrost/128.jpg
Clifford G.,true,363,253,https://s3.amazonaws.com/uifaces/faces/twitter/iqonicd/128.jpg
Jettie W.,false,452,239,https://s3.amazonaws.com/uifaces/faces/twitter/lowie/128.jpg
Scotty M.,false,661,106,https://s3.amazonaws.com/uifaces/faces/twitter/dshster/128.jpg
Pearline M.,true,307,202,https://s3.amazonaws.com/uifaces/faces/twitter/yehudab/128.jpg
Ollie B.,false,949,72,https://s3.amazonaws.com/uifaces/faces/twitter/brenton_clarke/128.jpg
Rhiannon C.,false,373,207,https://s3.amazonaws.com/uifaces/faces/twitter/kudretkeskin/128.jpg
Cortney C.,false,1296,138,https://s3.amazonaws.com/uifaces/faces/twitter/marklamb/128.jpg
Colt R.,true,869,97,https://s3.amazonaws.com/uifaces/faces/twitter/alxndrustinov/128.jpg
Mr. J.,true,78,298,https://s3.amazonaws.com/uifaces/faces/twitter/anatolinicolae/128.jpg
Darrin L.,true,405,173,https://s3.amazonaws.com/uifaces/faces/twitter/rpatey/128.jpg
Cristopher H.,false,137,291,https://s3.amazonaws.com/uifaces/faces/twitter/AlbertoCococi/128.jpg
Jean C.,false,137,206,https://s3.amazonaws.com/uifaces/faces/twitter/linux29/128.jpg
Vivienne H.,true,749,138,https://s3.amazonaws.com/uifaces/faces/twitter/devinhalladay/128.jpg
Morton S.,true,176,276,https://s3.amazonaws.com/uifaces/faces/twitter/adityasutomo/128.jpg
Kaci H.,false,162,293,https://s3.amazonaws.com/uifaces/faces/twitter/greenbes/128.jpg
Dr. C.,false,185,121,https://s3.amazonaws.com/uifaces/faces/twitter/omnizya/128.jpg
Braxton L.,false,892,21,https://s3.amazonaws.com/uifaces/faces/twitter/mds/128.jpg
Estell H.,true,251,293,https://s3.amazonaws.com/uifaces/faces/twitter/vladarbatov/128.jpg
Santiago B.,true,171,150,https://s3.amazonaws.com/uifaces/faces/twitter/byryan/128.jpg
Ciara R.,true,143,171,https://s3.amazonaws.com/uifaces/faces/twitter/jeremyworboys/128.jpg
Enid M.,false,667,125,https://s3.amazonaws.com/uifaces/faces/twitter/vigobronx/128.jpg
Victoria K.,true,959,172,https://s3.amazonaws.com/uifaces/faces/twitter/seyedhossein1/128.jpg
Johnpaul B.,false,530,4,https://s3.amazonaws.com/uifaces/faces/twitter/lisovsky/128.jpg
Karson T.,true,1298,147,https://s3.amazonaws.com/uifaces/faces/twitter/jomarmen/128.jpg
Orin L.,false,180,232,https://s3.amazonaws.com/uifaces/faces/twitter/ahmetsulek/128.jpg
Gwen O.,false,162,127,https://s3.amazonaws.com/uifaces/faces/twitter/anjhero/128.jpg
Floy M.,true,438,289,https://s3.amazonaws.com/uifaces/faces/twitter/jayrobinson/128.jpg
Granville F.,true,1298,261,https://s3.amazonaws.com/uifaces/faces/twitter/divya/128.jpg
Mercedes S.,false,997,23,https://s3.amazonaws.com/uifaces/faces/twitter/amayvs/128.jpg
Ms. O.,true,787,199,https://s3.amazonaws.com/uifaces/faces/twitter/miguelkooreman/128.jpg
Coleman H.,true,348,213,https://s3.amazonaws.com/uifaces/faces/twitter/fran_mchamy/128.jpg
Mr. G.,true,1228,85,https://s3.amazonaws.com/uifaces/faces/twitter/bistrianiosip/128.jpg
Lola S.,true,387,75,https://s3.amazonaws.com/uifaces/faces/twitter/overra/128.jpg
Armand C.,true,444,261,https://s3.amazonaws.com/uifaces/faces/twitter/dcalonaci/128.jpg
Lera B.,false,494,229,https://s3.amazonaws.com/uifaces/faces/twitter/LucasPerdidao/128.jpg
Christophe H.,true,253,286,https://s3.amazonaws.com/uifaces/faces/twitter/imammuht/128.jpg
Leopold M.,false,739,176,https://s3.amazonaws.com/uifaces/faces/twitter/longlivemyword/128.jpg
Missouri H.,false,24,10,https://s3.amazonaws.com/uifaces/faces/twitter/sulaqo/128.jpg
Jean T.,true,936,273,https://s3.amazonaws.com/uifaces/faces/twitter/mtolokonnikov/128.jpg
Ava F.,true,668,113,https://s3.amazonaws.com/uifaces/faces/twitter/aoimedia/128.jpg
Mrs. L.,false,1012,148,https://s3.amazonaws.com/uifaces/faces/twitter/davidhemphill/128.jpg
Lonnie K.,false,1203,272,https://s3.amazonaws.com/uifaces/faces/twitter/primozcigler/128.jpg
Everardo H.,false,911,281,https://s3.amazonaws.com/uifaces/faces/twitter/BryanHorsey/128.jpg
Giovanny C.,true,898,292,https://s3.amazonaws.com/uifaces/faces/twitter/michaelcomiskey/128.jpg
Norma P.,true,1273,189,https://s3.amazonaws.com/uifaces/faces/twitter/ponchomendivil/128.jpg
Luisa C.,false,1183,30,https://s3.amazonaws.com/uifaces/faces/twitter/soffes/128.jpg
Mrs. E.,false,888,148,https://s3.amazonaws.com/uifaces/faces/twitter/travis_arnold/128.jpg
Lawrence O.,false,1103,187,https://s3.amazonaws.com/uifaces/faces/twitter/akmur/128.jpg
Donald Z.,false,998,10,https://s3.amazonaws.com/uifaces/faces/twitter/ratbus/128.jpg
Dr. A.,false,583,46,https://s3.amazonaws.com/uifaces/faces/twitter/kojourin/128.jpg
Esperanza D.,false,1069,256,https://s3.amazonaws.com/uifaces/faces/twitter/karalek/128.jpg
Elnora S.,false,286,97,https://s3.amazonaws.com/uifaces/faces/twitter/xamorep/128.jpg
Bridie S.,true,794,230,https://s3.amazonaws.com/uifaces/faces/twitter/abdulhyeuk/128.jpg
Polly P.,true,1094,59,https://s3.amazonaws.com/uifaces/faces/twitter/robergd/128.jpg
Otha M.,true,916,45,https://s3.amazonaws.com/uifaces/faces/twitter/maximseshuk/128.jpg
Golda H.,false,1227,260,https://s3.amazonaws.com/uifaces/faces/twitter/terpimost/128.jpg
Cristopher K.,false,332,54,https://s3.amazonaws.com/uifaces/faces/twitter/romanbulah/128.jpg
Garrett G.,true,1095,196,https://s3.amazonaws.com/uifaces/faces/twitter/shadeed9/128.jpg
Jaime S.,true,641,208,https://s3.amazonaws.com/uifaces/faces/twitter/rehatkathuria/128.jpg
Americo D.,true,698,112,https://s3.amazonaws.com/uifaces/faces/twitter/kolsvein/128.jpg
Luz F.,false,859,202,https://s3.amazonaws.com/uifaces/faces/twitter/nilshelmersson/128.jpg
Mr. D.,true,333,299,https://s3.amazonaws.com/uifaces/faces/twitter/giancarlon/128.jpg
Miss R.,true,832,86,https://s3.amazonaws.com/uifaces/faces/twitter/itolmach/128.jpg
Vernie C.,false,843,138,https://s3.amazonaws.com/uifaces/faces/twitter/jlsolerdeltoro/128.jpg
Adeline C.,true,360,236,https://s3.amazonaws.com/uifaces/faces/twitter/karthipanraj/128.jpg
Roxane T.,true,318,280,https://s3.amazonaws.com/uifaces/faces/twitter/thaisselenator_/128.jpg
Golda H.,true,1296,230,https://s3.amazonaws.com/uifaces/faces/twitter/marshallchen_/128.jpg
Jakayla S.,true,308,273,https://s3.amazonaws.com/uifaces/faces/twitter/rachelreveley/128.jpg
Harry M.,false,721,46,https://s3.amazonaws.com/uifaces/faces/twitter/oscarowusu/128.jpg
Winfield H.,true,571,179,https://s3.amazonaws.com/uifaces/faces/twitter/newbrushes/128.jpg
Wilfrid H.,false,235,198,https://s3.amazonaws.com/uifaces/faces/twitter/sethlouey/128.jpg
Jerod T.,false,70,2,https://s3.amazonaws.com/uifaces/faces/twitter/darcystonge/128.jpg
Kamryn L.,false,340,254,https://s3.amazonaws.com/uifaces/faces/twitter/homka/128.jpg
Aric S.,true,988,173,https://s3.amazonaws.com/uifaces/faces/twitter/dzantievm/128.jpg
Mr. S.,false,512,262,https://s3.amazonaws.com/uifaces/faces/twitter/herkulano/128.jpg
Orin R.,false,1264,123,https://s3.amazonaws.com/uifaces/faces/twitter/BrianPurkiss/128.jpg
Llewellyn W.,false,755,38,https://s3.amazonaws.com/uifaces/faces/twitter/j_drake_/128.jpg
Emil T.,true,1190,193,https://s3.amazonaws.com/uifaces/faces/twitter/motionthinks/128.jpg
Reece S.,false,1032,9,https://s3.amazonaws.com/uifaces/faces/twitter/jerrybai1907/128.jpg
Zaria T.,true,1046,141,https://s3.amazonaws.com/uifaces/faces/twitter/mslarkina/128.jpg
Kacey F.,false,971,21,https://s3.amazonaws.com/uifaces/faces/twitter/jonkspr/128.jpg
Aleen N.,true,1262,122,https://s3.amazonaws.com/uifaces/faces/twitter/chaensel/128.jpg
Maurice W.,false,193,278,https://s3.amazonaws.com/uifaces/faces/twitter/_dwite_/128.jpg
Otis D.,false,1059,132,https://s3.amazonaws.com/uifaces/faces/twitter/layerssss/128.jpg
Mrs. T.,true,120,146,https://s3.amazonaws.com/uifaces/faces/twitter/designervzm/128.jpg
Janice T.,true,176,9,https://s3.amazonaws.com/uifaces/faces/twitter/tom_even/128.jpg
Kara C.,false,252,130,https://s3.amazonaws.com/uifaces/faces/twitter/thedjpetersen/128.jpg
Angus K.,false,239,79,https://s3.amazonaws.com/uifaces/faces/twitter/jpscribbles/128.jpg
Ralph O.,true,280,224,https://s3.amazonaws.com/uifaces/faces/twitter/ratbus/128.jpg
Carmelo L.,false,984,42,https://s3.amazonaws.com/uifaces/faces/twitter/a1chapone/128.jpg
Solon M.,true,518,153,https://s3.amazonaws.com/uifaces/faces/twitter/kaelifa/128.jpg
Demond K.,false,484,95,https://s3.amazonaws.com/uifaces/faces/twitter/itstotallyamy/128.jpg
Mr. J.,true,447,90,https://s3.amazonaws.com/uifaces/faces/twitter/shaneIxD/128.jpg
Cletus H.,false,765,260,https://s3.amazonaws.com/uifaces/faces/twitter/alxndrustinov/128.jpg
Emmett H.,true,301,123,https://s3.amazonaws.com/uifaces/faces/twitter/sydlawrence/128.jpg
Sam K.,true,594,119,https://s3.amazonaws.com/uifaces/faces/twitter/enjoythetau/128.jpg
Reilly T.,true,751,85,https://s3.amazonaws.com/uifaces/faces/twitter/traneblow/128.jpg
Velva L.,true,1108,120,https://s3.amazonaws.com/uifaces/faces/twitter/kirangopal/128.jpg
Raphael B.,false,74,224,https://s3.amazonaws.com/uifaces/faces/twitter/spedwig/128.jpg
Mable L.,true,214,160,https://s3.amazonaws.com/uifaces/faces/twitter/kylefrost/128.jpg
Clifford G.,true,363,253,https://s3.amazonaws.com/uifaces/faces/twitter/iqonicd/128.jpg
Jettie W.,false,452,239,https://s3.amazonaws.com/uifaces/faces/twitter/lowie/128.jpg
Scotty M.,false,661,106,https://s3.amazonaws.com/uifaces/faces/twitter/dshster/128.jpg
Pearline M.,true,307,202,https://s3.amazonaws.com/uifaces/faces/twitter/yehudab/128.jpg
Ollie B.,false,949,72,https://s3.amazonaws.com/uifaces/faces/twitter/brenton_clarke/128.jpg
Rhiannon C.,false,373,207,https://s3.amazonaws.com/uifaces/faces/twitter/kudretkeskin/128.jpg
Cortney C.,false,1296,138,https://s3.amazonaws.com/uifaces/faces/twitter/marklamb/128.jpg
Colt R.,true,869,97,https://s3.amazonaws.com/uifaces/faces/twitter/alxndrustinov/128.jpg
Mr. J.,true,78,298,https://s3.amazonaws.com/uifaces/faces/twitter/anatolinicolae/128.jpg
Darrin L.,true,405,173,https://s3.amazonaws.com/uifaces/faces/twitter/rpatey/128.jpg
Cristopher H.,false,137,291,https://s3.amazonaws.com/uifaces/faces/twitter/AlbertoCococi/128.jpg
Jean C.,false,137,206,https://s3.amazonaws.com/uifaces/faces/twitter/linux29/128.jpg
Vivienne H.,true,749,138,https://s3.amazonaws.com/uifaces/faces/twitter/devinhalladay/128.jpg
Morton S.,true,176,276,https://s3.amazonaws.com/uifaces/faces/twitter/adityasutomo/128.jpg
Kaci H.,false,162,293,https://s3.amazonaws.com/uifaces/faces/twitter/greenbes/128.jpg
Dr. C.,false,185,121,https://s3.amazonaws.com/uifaces/faces/twitter/omnizya/128.jpg
Braxton L.,false,892,21,https://s3.amazonaws.com/uifaces/faces/twitter/mds/128.jpg
Estell H.,true,251,293,https://s3.amazonaws.com/uifaces/faces/twitter/vladarbatov/128.jpg
Santiago B.,true,171,150,https://s3.amazonaws.com/uifaces/faces/twitter/byryan/128.jpg
Ciara R.,true,143,171,https://s3.amazonaws.com/uifaces/faces/twitter/jeremyworboys/128.jpg
Enid M.,false,667,125,https://s3.amazonaws.com/uifaces/faces/twitter/vigobronx/128.jpg
Victoria K.,true,959,172,https://s3.amazonaws.com/uifaces/faces/twitter/seyedhossein1/128.jpg
Johnpaul B.,false,530,4,https://s3.amazonaws.com/uifaces/faces/twitter/lisovsky/128.jpg
Karson T.,true,1298,147,https://s3.amazonaws.com/uifaces/faces/twitter/jomarmen/128.jpg
Orin L.,false,180,232,https://s3.amazonaws.com/uifaces/faces/twitter/ahmetsulek/128.jpg
Gwen O.,false,162,127,https://s3.amazonaws.com/uifaces/faces/twitter/anjhero/128.jpg
Floy M.,true,438,289,https://s3.amazonaws.com/uifaces/faces/twitter/jayrobinson/128.jpg
Granville F.,true,1298,261,https://s3.amazonaws.com/uifaces/faces/twitter/divya/128.jpg
Mercedes S.,false,997,23,https://s3.amazonaws.com/uifaces/faces/twitter/amayvs/128.jpg
Ms. O.,true,787,199,https://s3.amazonaws.com/uifaces/faces/twitter/miguelkooreman/128.jpg
Coleman H.,true,348,213,https://s3.amazonaws.com/uifaces/faces/twitter/fran_mchamy/128.jpg
Mr. G.,true,1228,85,https://s3.amazonaws.com/uifaces/faces/twitter/bistrianiosip/128.jpg
Lola S.,true,387,75,https://s3.amazonaws.com/uifaces/faces/twitter/overra/128.jpg
Armand C.,true,444,261,https://s3.amazonaws.com/uifaces/faces/twitter/dcalonaci/128.jpg
Lera B.,false,494,229,https://s3.amazonaws.com/uifaces/faces/twitter/LucasPerdidao/128.jpg
Christophe H.,true,253,286,https://s3.amazonaws.com/uifaces/faces/twitter/imammuht/128.jpg
Leopold M.,false,739,176,https://s3.amazonaws.com/uifaces/faces/twitter/longlivemyword/128.jpg
Missouri H.,false,24,10,https://s3.amazonaws.com/uifaces/faces/twitter/sulaqo/128.jpg
Jean T.,true,936,273,https://s3.amazonaws.com/uifaces/faces/twitter/mtolokonnikov/128.jpg
Ava F.,true,668,113,https://s3.amazonaws.com/uifaces/faces/twitter/aoimedia/128.jpg
Mrs. L.,false,1012,148,https://s3.amazonaws.com/uifaces/faces/twitter/davidhemphill/128.jpg
Lonnie K.,false,1203,272,https://s3.amazonaws.com/uifaces/faces/twitter/primozcigler/128.jpg
Everardo H.,false,911,281,https://s3.amazonaws.com/uifaces/faces/twitter/BryanHorsey/128.jpg
Giovanny C.,true,898,292,https://s3.amazonaws.com/uifaces/faces/twitter/michaelcomiskey/128.jpg
Norma P.,true,1273,189,https://s3.amazonaws.com/uifaces/faces/twitter/ponchomendivil/128.jpg
Luisa C.,false,1183,30,https://s3.amazonaws.com/uifaces/faces/twitter/soffes/128.jpg
Mrs. E.,false,888,148,https://s3.amazonaws.com/uifaces/faces/twitter/travis_arnold/128.jpg
Lawrence O.,false,1103,187,https://s3.amazonaws.com/uifaces/faces/twitter/akmur/128.jpg
Donald Z.,false,998,10,https://s3.amazonaws.com/uifaces/faces/twitter/ratbus/128.jpg
Dr. A.,false,583,46,https://s3.amazonaws.com/uifaces/faces/twitter/kojourin/128.jpg
Esperanza D.,false,1069,256,https://s3.amazonaws.com/uifaces/faces/twitter/karalek/128.jpg
Elnora S.,false,286,97,https://s3.amazonaws.com/uifaces/faces/twitter/xamorep/128.jpg
Bridie S.,true,794,230,https://s3.amazonaws.com/uifaces/faces/twitter/abdulhyeuk/128.jpg
Polly P.,true,1094,59,https://s3.amazonaws.com/uifaces/faces/twitter/robergd/128.jpg
Otha M.,true,916,45,https://s3.amazonaws.com/uifaces/faces/twitter/maximseshuk/128.jpg
Golda H.,false,1227,260,https://s3.amazonaws.com/uifaces/faces/twitter/terpimost/128.jpg
Cristopher K.,false,332,54,https://s3.amazonaws.com/uifaces/faces/twitter/romanbulah/128.jpg
Garrett G.,true,1095,196,https://s3.amazonaws.com/uifaces/faces/twitter/shadeed9/128.jpg
Jaime S.,true,641,208,https://s3.amazonaws.com/uifaces/faces/twitter/rehatkathuria/128.jpg
Americo D.,true,698,112,https://s3.amazonaws.com/uifaces/faces/twitter/kolsvein/128.jpg
Luz F.,false,859,202,https://s3.amazonaws.com/uifaces/faces/twitter/nilshelmersson/128.jpg
Mr. D.,true,333,299,https://s3.amazonaws.com/uifaces/faces/twitter/giancarlon/128.jpg
Miss R.,true,832,86,https://s3.amazonaws.com/uifaces/faces/twitter/itolmach/128.jpg
Vernie C.,false,843,138,https://s3.amazonaws.com/uifaces/faces/twitter/jlsolerdeltoro/128.jpg
Adeline C.,true,360,236,https://s3.amazonaws.com/uifaces/faces/twitter/karthipanraj/128.jpg
Roxane T.,true,318,280,https://s3.amazonaws.com/uifaces/faces/twitter/thaisselenator_/128.jpg
Golda H.,true,1296,230,https://s3.amazonaws.com/uifaces/faces/twitter/marshallchen_/128.jpg
Jakayla S.,true,308,273,https://s3.amazonaws.com/uifaces/faces/twitter/rachelreveley/128.jpg
Harry M.,false,721,46,https://s3.amazonaws.com/uifaces/faces/twitter/oscarowusu/128.jpg
Winfield H.,true,571,179,https://s3.amazonaws.com/uifaces/faces/twitter/newbrushes/128.jpg
Wilfrid H.,false,235,198,https://s3.amazonaws.com/uifaces/faces/twitter/sethlouey/128.jpg
Jerod T.,false,70,2,https://s3.amazonaws.com/uifaces/faces/twitter/darcystonge/128.jpg
Kamryn L.,false,340,254,https://s3.amazonaws.com/uifaces/faces/twitter/homka/128.jpg
Aric S.,true,988,173,https://s3.amazonaws.com/uifaces/faces/twitter/dzantievm/128.jpg
Mr. S.,false,512,262,https://s3.amazonaws.com/uifaces/faces/twitter/herkulano/128.jpg
Orin R.,false,1264,123,https://s3.amazonaws.com/uifaces/faces/twitter/BrianPurkiss/128.jpg
Llewellyn W.,false,755,38,https://s3.amazonaws.com/uifaces/faces/twitter/j_drake_/128.jpg
Emil T.,true,1190,193,https://s3.amazonaws.com/uifaces/faces/twitter/motionthinks/128.jpg
Reece S.,false,1032,9,https://s3.amazonaws.com/uifaces/faces/twitter/jerrybai1907/128.jpg
Zaria T.,true,1046,141,https://s3.amazonaws.com/uifaces/faces/twitter/mslarkina/128.jpg
Kacey F.,false,971,21,https://s3.amazonaws.com/uifaces/faces/twitter/jonkspr/128.jpg
Aleen N.,true,1262,122,https://s3.amazonaws.com/uifaces/faces/twitter/chaensel/128.jpg
Maurice W.,false,193,278,https://s3.amazonaws.com/uifaces/faces/twitter/_dwite_/128.jpg
Otis D.,false,1059,132,https://s3.amazonaws.com/uifaces/faces/twitter/layerssss/128.jpg
Mrs. T.,true,120,146,https://s3.amazonaws.com/uifaces/faces/twitter/designervzm/128.jpg
Janice T.,true,176,9,https://s3.amazonaws.com/uifaces/faces/twitter/tom_even/128.jpg
Kara C.,false,252,130,https://s3.amazonaws.com/uifaces/faces/twitter/thedjpetersen/128.jpg
Angus K.,false,239,79,https://s3.amazonaws.com/uifaces/faces/twitter/jpscribbles/128.jpg
Ralph O.,true,280,224,https://s3.amazonaws.com/uifaces/faces/twitter/ratbus/128.jpg
Carmelo L.,false,984,42,https://s3.amazonaws.com/uifaces/faces/twitter/a1chapone/128.jpg
Solon M.,true,518,153,https://s3.amazonaws.com/uifaces/faces/twitter/kaelifa/128.jpg
Demond K.,false,484,95,https://s3.amazonaws.com/uifaces/faces/twitter/itstotallyamy/128.jpg
Mr. J.,true,447,90,https://s3.amazonaws.com/uifaces/faces/twitter/shaneIxD/128.jpg
Cletus H.,false,765,260,https://s3.amazonaws.com/uifaces/faces/twitter/alxndrustinov/128.jpg
Emmett H.,true,301,123,https://s3.amazonaws.com/uifaces/faces/twitter/sydlawrence/128.jpg
Sam K.,true,594,119,https://s3.amazonaws.com/uifaces/faces/twitter/enjoythetau/128.jpg
Reilly T.,true,751,85,https://s3.amazonaws.com/uifaces/faces/twitter/traneblow/128.jpg
Velva L.,true,1108,120,https://s3.amazonaws.com/uifaces/faces/twitter/kirangopal/128.jpg
Raphael B.,false,74,224,https://s3.amazonaws.com/uifaces/faces/twitter/spedwig/128.jpg
Mable L.,true,214,160,https://s3.amazonaws.com/uifaces/faces/twitter/kylefrost/128.jpg
Clifford G.,true,363,253,https://s3.amazonaws.com/uifaces/faces/twitter/iqonicd/128.jpg
Jettie W.,false,452,239,https://s3.amazonaws.com/uifaces/faces/twitter/lowie/128.jpg
Scotty M.,false,661,106,https://s3.amazonaws.com/uifaces/faces/twitter/dshster/128.jpg
Pearline M.,true,307,202,https://s3.amazonaws.com/uifaces/faces/twitter/yehudab/128.jpg
Ollie B.,false,949,72,https://s3.amazonaws.com/uifaces/faces/twitter/brenton_clarke/128.jpg
Rhiannon C.,false,373,207,https://s3.amazonaws.com/uifaces/faces/twitter/kudretkeskin/128.jpg
Cortney C.,false,1296,138,https://s3.amazonaws.com/uifaces/faces/twitter/marklamb/128.jpg
Colt R.,true,869,97,https://s3.amazonaws.com/uifaces/faces/twitter/alxndrustinov/128.jpg
Mr. J.,true,78,298,https://s3.amazonaws.com/uifaces/faces/twitter/anatolinicolae/128.jpg
Darrin L.,true,405,173,https://s3.amazonaws.com/uifaces/faces/twitter/rpatey/128.jpg
Cristopher H.,false,137,291,https://s3.amazonaws.com/uifaces/faces/twitter/AlbertoCococi/128.jpg
Jean C.,false,137,206,https://s3.amazonaws.com/uifaces/faces/twitter/linux29/128.jpg
Vivienne H.,true,749,138,https://s3.amazonaws.com/uifaces/faces/twitter/devinhalladay/128.jpg
Morton S.,true,176,276,https://s3.amazonaws.com/uifaces/faces/twitter/adityasutomo/128.jpg
Kaci H.,false,162,293,https://s3.amazonaws.com/uifaces/faces/twitter/greenbes/128.jpg
Dr. C.,false,185,121,https://s3.amazonaws.com/uifaces/faces/twitter/omnizya/128.jpg
Braxton L.,false,892,21,https://s3.amazonaws.com/uifaces/faces/twitter/mds/128.jpg
Estell H.,true,251,293,https://s3.amazonaws.com/uifaces/faces/twitter/vladarbatov/128.jpg
Santiago B.,true,171,150,https://s3.amazonaws.com/uifaces/faces/twitter/byryan/128.jpg
Ciara R.,true,143,171,https://s3.amazonaws.com/uifaces/faces/twitter/jeremyworboys/128.jpg
Enid M.,false,667,125,https://s3.amazonaws.com/uifaces/faces/twitter/vigobronx/128.jpg
Victoria K.,true,959,172,https://s3.amazonaws.com/uifaces/faces/twitter/seyedhossein1/128.jpg
Johnpaul B.,false,530,4,https://s3.amazonaws.com/uifaces/faces/twitter/lisovsky/128.jpg
Karson T.,true,1298,147,https://s3.amazonaws.com/uifaces/faces/twitter/jomarmen/128.jpg
Orin L.,false,180,232,https://s3.amazonaws.com/uifaces/faces/twitter/ahmetsulek/128.jpg
Gwen O.,false,162,127,https://s3.amazonaws.com/uifaces/faces/twitter/anjhero/128.jpg
Floy M.,true,438,289,https://s3.amazonaws.com/uifaces/faces/twitter/jayrobinson/128.jpg
Granville F.,true,1298,261,https://s3.amazonaws.com/uifaces/faces/twitter/divya/128.jpg
Mercedes S.,false,997,23,https://s3.amazonaws.com/uifaces/faces/twitter/amayvs/128.jpg
Ms. O.,true,787,199,https://s3.amazonaws.com/uifaces/faces/twitter/miguelkooreman/128.jpg
Coleman H.,true,348,213,https://s3.amazonaws.com/uifaces/faces/twitter/fran_mchamy/128.jpg
Mr. G.,true,1228,85,https://s3.amazonaws.com/uifaces/faces/twitter/bistrianiosip/128.jpg
Lola S.,true,387,75,https://s3.amazonaws.com/uifaces/faces/twitter/overra/128.jpg
Armand C.,true,444,261,https://s3.amazonaws.com/uifaces/faces/twitter/dcalonaci/128.jpg
Lera B.,false,494,229,https://s3.amazonaws.com/uifaces/faces/twitter/LucasPerdidao/128.jpg
Christophe H.,true,253,286,https://s3.amazonaws.com/uifaces/faces/twitter/imammuht/128.jpg
Leopold M.,false,739,176,https://s3.amazonaws.com/uifaces/faces/twitter/longlivemyword/128.jpg
Missouri H.,false,24,10,https://s3.amazonaws.com/uifaces/faces/twitter/sulaqo/128.jpg
Jean T.,true,936,273,https://s3.amazonaws.com/uifaces/faces/twitter/mtolokonnikov/128.jpg
Ava F.,true,668,113,https://s3.amazonaws.com/uifaces/faces/twitter/aoimedia/128.jpg
Mrs. L.,false,1012,148,https://s3.amazonaws.com/uifaces/faces/twitter/davidhemphill/128.jpg
Lonnie K.,false,1203,272,https://s3.amazonaws.com/uifaces/faces/twitter/primozcigler/128.jpg
Everardo H.,false,911,281,https://s3.amazonaws.com/uifaces/faces/twitter/BryanHorsey/128.jpg
Giovanny C.,true,898,292,https://s3.amazonaws.com/uifaces/faces/twitter/michaelcomiskey/128.jpg
Norma P.,true,1273,189,https://s3.amazonaws.com/uifaces/faces/twitter/ponchomendivil/128.jpg
Luisa C.,false,1183,30,https://s3.amazonaws.com/uifaces/faces/twitter/soffes/128.jpg
Mrs. E.,false,888,148,https://s3.amazonaws.com/uifaces/faces/twitter/travis_arnold/128.jpg
Lawrence O.,false,1103,187,https://s3.amazonaws.com/uifaces/faces/twitter/akmur/128.jpg
Donald Z.,false,998,10,https://s3.amazonaws.com/uifaces/faces/twitter/ratbus/128.jpg
Dr. A.,false,583,46,https://s3.amazonaws.com/uifaces/faces/twitter/kojourin/128.jpg
Esperanza D.,false,1069,256,https://s3.amazonaws.com/uifaces/faces/twitter/karalek/128.jpg
Elnora S.,false,286,97,https://s3.amazonaws.com/uifaces/faces/twitter/xamorep/128.jpg
Bridie S.,true,794,230,https://s3.amazonaws.com/uifaces/faces/twitter/abdulhyeuk/128.jpg
Polly P.,true,1094,59,https://s3.amazonaws.com/uifaces/faces/twitter/robergd/128.jpg
Otha M.,true,916,45,https://s3.amazonaws.com/uifaces/faces/twitter/maximseshuk/128.jpg
Golda H.,false,1227,260,https://s3.amazonaws.com/uifaces/faces/twitter/terpimost/128.jpg
Cristopher K.,false,332,54,https://s3.amazonaws.com/uifaces/faces/twitter/romanbulah/128.jpg
Garrett G.,true,1095,196,https://s3.amazonaws.com/uifaces/faces/twitter/shadeed9/128.jpg
Jaime S.,true,641,208,https://s3.amazonaws.com/uifaces/faces/twitter/rehatkathuria/128.jpg
Americo D.,true,698,112,https://s3.amazonaws.com/uifaces/faces/twitter/kolsvein/128.jpg
Luz F.,false,859,202,https://s3.amazonaws.com/uifaces/faces/twitter/nilshelmersson/128.jpg
Mr. D.,true,333,299,https://s3.amazonaws.com/uifaces/faces/twitter/giancarlon/128.jpg
Miss R.,true,832,86,https://s3.amazonaws.com/uifaces/faces/twitter/itolmach/128.jpg
Vernie C.,false,843,138,https://s3.amazonaws.com/uifaces/faces/twitter/jlsolerdeltoro/128.jpg
Adeline C.,true,360,236,https://s3.amazonaws.com/uifaces/faces/twitter/karthipanraj/128.jpg
Roxane T.,true,318,280,https://s3.amazonaws.com/uifaces/faces/twitter/thaisselenator_/128.jpg
Golda H.,true,1296,230,https://s3.amazonaws.com/uifaces/faces/twitter/marshallchen_/128.jpg
Jakayla S.,true,308,273,https://s3.amazonaws.com/uifaces/faces/twitter/rachelreveley/128.jpg
Harry M.,false,721,46,https://s3.amazonaws.com/uifaces/faces/twitter/oscarowusu/128.jpg
Winfield H.,true,571,179,https://s3.amazonaws.com/uifaces/faces/twitter/newbrushes/128.jpg
Wilfrid H.,false,235,198,https://s3.amazonaws.com/uifaces/faces/twitter/sethlouey/128.jpg
Jerod T.,false,70,2,https://s3.amazonaws.com/uifaces/faces/twitter/darcystonge/128.jpg
Kamryn L.,false,340,254,https://s3.amazonaws.com/uifaces/faces/twitter/homka/128.jpg
Aric S.,true,988,173,https://s3.amazonaws.com/uifaces/faces/twitter/dzantievm/128.jpg
Mr. S.,false,512,262,https://s3.amazonaws.com/uifaces/faces/twitter/herkulano/128.jpg
Orin R.,false,1264,123,https://s3.amazonaws.com/uifaces/faces/twitter/BrianPurkiss/128.jpg
Llewellyn W.,false,755,38,https://s3.amazonaws.com/uifaces/faces/twitter/j_drake_/128.jpg
Emil T.,true,1190,193,https://s3.amazonaws.com/uifaces/faces/twitter/motionthinks/128.jpg
Reece S.,false,1032,9,https://s3.amazonaws.com/uifaces/faces/twitter/jerrybai1907/128.jpg
Zaria T.,true,1046,141,https://s3.amazonaws.com/uifaces/faces/twitter/mslarkina/128.jpg
Kacey F.,false,971,21,https://s3.amazonaws.com/uifaces/faces/twitter/jonkspr/128.jpg
Aleen N.,true,1262,122,https://s3.amazonaws.com/uifaces/faces/twitter/chaensel/128.jpg
Maurice W.,false,193,278,https://s3.amazonaws.com/uifaces/faces/twitter/_dwite_/128.jpg
Otis D.,false,1059,132,https://s3.amazonaws.com/uifaces/faces/twitter/layerssss/128.jpg
Mrs. T.,true,120,146,https://s3.amazonaws.com/uifaces/faces/twitter/designervzm/128.jpg
Janice T.,true,176,9,https://s3.amazonaws.com/uifaces/faces/twitter/tom_even/128.jpg
Kara C.,false,252,130,https://s3.amazonaws.com/uifaces/faces/twitter/thedjpetersen/128.jpg
Angus K.,false,239,79,https://s3.amazonaws.com/uifaces/faces/twitter/jpscribbles/128.jpg
Ralph O.,true,280,224,https://s3.amazonaws.com/uifaces/faces/twitter/ratbus/128.jpg
Carmelo L.,false,984,42,https://s3.amazonaws.com/uifaces/faces/twitter/a1chapone/128.jpg
Solon M.,true,518,153,https://s3.amazonaws.com/uifaces/faces/twitter/kaelifa/128.jpg
Demond K.,false,484,95,https://s3.amazonaws.com/uifaces/faces/twitter/itstotallyamy/128.jpg
Mr. J.,true,447,90,https://s3.amazonaws.com/uifaces/faces/twitter/shaneIxD/128.jpg
Cletus H.,false,765,260,https://s3.amazonaws.com/uifaces/faces/twitter/alxndrustinov/128.jpg
Emmett H.,true,301,123,https://s3.amazonaws.com/uifaces/faces/twitter/sydlawrence/128.jpg
Sam K.,true,594,119,https://s3.amazonaws.com/uifaces/faces/twitter/enjoythetau/128.jpg
Reilly T.,true,751,85,https://s3.amazonaws.com/uifaces/faces/twitter/traneblow/128.jpg
Velva L.,true,1108,120,https://s3.amazonaws.com/uifaces/faces/twitter/kirangopal/128.jpg
Raphael B.,false,74,224,https://s3.amazonaws.com/uifaces/faces/twitter/spedwig/128.jpg
Mable L.,true,214,160,https://s3.amazonaws.com/uifaces/faces/twitter/kylefrost/128.jpg
Clifford G.,true,363,253,https://s3.amazonaws.com/uifaces/faces/twitter/iqonicd/128.jpg
Jettie W.,false,452,239,https://s3.amazonaws.com/uifaces/faces/twitter/lowie/128.jpg
Scotty M.,false,661,106,https://s3.amazonaws.com/uifaces/faces/twitter/dshster/128.jpg
Pearline M.,true,307,202,https://s3.amazonaws.com/uifaces/faces/twitter/yehudab/128.jpg
Ollie B.,false,949,72,https://s3.amazonaws.com/uifaces/faces/twitter/brenton_clarke/128.jpg
Rhiannon C.,false,373,207,https://s3.amazonaws.com/uifaces/faces/twitter/kudretkeskin/128.jpg
Cortney C.,false,1296,138,https://s3.amazonaws.com/uifaces/faces/twitter/marklamb/128.jpg
Colt R.,true,869,97,https://s3.amazonaws.com/uifaces/faces/twitter/alxndrustinov/128.jpg
Mr. J.,true,78,298,https://s3.amazonaws.com/uifaces/faces/twitter/anatolinicolae/128.jpg
Darrin L.,true,405,173,https://s3.amazonaws.com/uifaces/faces/twitter/rpatey/128.jpg
Cristopher H.,false,137,291,https://s3.amazonaws.com/uifaces/faces/twitter/AlbertoCococi/128.jpg
Jean C.,false,137,206,https://s3.amazonaws.com/uifaces/faces/twitter/linux29/128.jpg
Vivienne H.,true,749,138,https://s3.amazonaws.com/uifaces/faces/twitter/devinhalladay/128.jpg
Morton S.,true,176,276,https://s3.amazonaws.com/uifaces/faces/twitter/adityasutomo/128.jpg
Kaci H.,false,162,293,https://s3.amazonaws.com/uifaces/faces/twitter/greenbes/128.jpg
Dr. C.,false,185,121,https://s3.amazonaws.com/uifaces/faces/twitter/omnizya/128.jpg
Braxton L.,false,892,21,https://s3.amazonaws.com/uifaces/faces/twitter/mds/128.jpg
Estell H.,true,251,293,https://s3.amazonaws.com/uifaces/faces/twitter/vladarbatov/128.jpg
Santiago B.,true,171,150,https://s3.amazonaws.com/uifaces/faces/twitter/byryan/128.jpg
Ciara R.,true,143,171,https://s3.amazonaws.com/uifaces/faces/twitter/jeremyworboys/128.jpg
Enid M.,false,667,125,https://s3.amazonaws.com/uifaces/faces/twitter/vigobronx/128.jpg
Victoria K.,true,959,172,https://s3.amazonaws.com/uifaces/faces/twitter/seyedhossein1/128.jpg
Johnpaul B.,false,530,4,https://s3.amazonaws.com/uifaces/faces/twitter/lisovsky/128.jpg
Karson T.,true,1298,147,https://s3.amazonaws.com/uifaces/faces/twitter/jomarmen/128.jpg
Orin L.,false,180,232,https://s3.amazonaws.com/uifaces/faces/twitter/ahmetsulek/128.jpg
Gwen O.,false,162,127,https://s3.amazonaws.com/uifaces/faces/twitter/anjhero/128.jpg
Floy M.,true,438,289,https://s3.amazonaws.com/uifaces/faces/twitter/jayrobinson/128.jpg
Granville F.,true,1298,261,https://s3.amazonaws.com/uifaces/faces/twitter/divya/128.jpg
Mercedes S.,false,997,23,https://s3.amazonaws.com/uifaces/faces/twitter/amayvs/128.jpg
Ms. O.,true,787,199,https://s3.amazonaws.com/uifaces/faces/twitter/miguelkooreman/128.jpg
Coleman H.,true,348,213,https://s3.amazonaws.com/uifaces/faces/twitter/fran_mchamy/128.jpg
Mr. G.,true,1228,85,https://s3.amazonaws.com/uifaces/faces/twitter/bistrianiosip/128.jpg
Lola S.,true,387,75,https://s3.amazonaws.com/uifaces/faces/twitter/overra/128.jpg
Armand C.,true,444,261,https://s3.amazonaws.com/uifaces/faces/twitter/dcalonaci/128.jpg
Lera B.,false,494,229,https://s3.amazonaws.com/uifaces/faces/twitter/LucasPerdidao/128.jpg
Christophe H.,true,253,286,https://s3.amazonaws.com/uifaces/faces/twitter/imammuht/128.jpg
Leopold M.,false,739,176,https://s3.amazonaws.com/uifaces/faces/twitter/longlivemyword/128.jpg
Missouri H.,false,24,10,https://s3.amazonaws.com/uifaces/faces/twitter/sulaqo/128.jpg
Jean T.,true,936,273,https://s3.amazonaws.com/uifaces/faces/twitter/mtolokonnikov/128.jpg
Ava F.,true,668,113,https://s3.amazonaws.com/uifaces/faces/twitter/aoimedia/128.jpg
Mrs. L.,false,1012,148,https://s3.amazonaws.com/uifaces/faces/twitter/davidhemphill/128.jpg
Lonnie K.,false,1203,272,https://s3.amazonaws.com/uifaces/faces/twitter/primozcigler/128.jpg
Everardo H.,false,911,281,https://s3.amazonaws.com/uifaces/faces/twitter/BryanHorsey/128.jpg
Giovanny C.,true,898,292,https://s3.amazonaws.com/uifaces/faces/twitter/michaelcomiskey/128.jpg
Norma P.,true,1273,189,https://s3.amazonaws.com/uifaces/faces/twitter/ponchomendivil/128.jpg
Luisa C.,false,1183,30,https://s3.amazonaws.com/uifaces/faces/twitter/soffes/128.jpg
Mrs. E.,false,888,148,https://s3.amazonaws.com/uifaces/faces/twitter/travis_arnold/128.jpg
Lawrence O.,false,1103,187,https://s3.amazonaws.com/uifaces/faces/twitter/akmur/128.jpg
Donald Z.,false,998,10,https://s3.amazonaws.com/uifaces/faces/twitter/ratbus/128.jpg
Dr. A.,false,583,46,https://s3.amazonaws.com/uifaces/faces/twitter/kojourin/128.jpg
Esperanza D.,false,1069,256,https://s3.amazonaws.com/uifaces/faces/twitter/karalek/128.jpg
Elnora S.,false,286,97,https://s3.amazonaws.com/uifaces/faces/twitter/xamorep/128.jpg
Bridie S.,true,794,230,https://s3.amazonaws.com/uifaces/faces/twitter/abdulhyeuk/128.jpg
Polly P.,true,1094,59,https://s3.amazonaws.com/uifaces/faces/twitter/robergd/128.jpg
Otha M.,true,916,45,https://s3.amazonaws.com/uifaces/faces/twitter/maximseshuk/128.jpg
Golda H.,false,1227,260,https://s3.amazonaws.com/uifaces/faces/twitter/terpimost/128.jpg
Cristopher K.,false,332,54,https://s3.amazonaws.com/uifaces/faces/twitter/romanbulah/128.jpg
Garrett G.,true,1095,196,https://s3.amazonaws.com/uifaces/faces/twitter/shadeed9/128.jpg
Jaime S.,true,641,208,https://s3.amazonaws.com/uifaces/faces/twitter/rehatkathuria/128.jpg
Americo D.,true,698,112,https://s3.amazonaws.com/uifaces/faces/twitter/kolsvein/128.jpg
Luz F.,false,859,202,https://s3.amazonaws.com/uifaces/faces/twitter/nilshelmersson/128.jpg
Mr. D.,true,333,299,https://s3.amazonaws.com/uifaces/faces/twitter/giancarlon/128.jpg
Miss R.,true,832,86,https://s3.amazonaws.com/uifaces/faces/twitter/itolmach/128.jpg
Vernie C.,false,843,138,https://s3.amazonaws.com/uifaces/faces/twitter/jlsolerdeltoro/128.jpg
Adeline C.,true,360,236,https://s3.amazonaws.com/uifaces/faces/twitter/karthipanraj/128.jpg
Roxane T.,true,318,280,https://s3.amazonaws.com/uifaces/faces/twitter/thaisselenator_/128.jpg
Golda H.,true,1296,230,https://s3.amazonaws.com/uifaces/faces/twitter/marshallchen_/128.jpg
Jakayla S.,true,308,273,https://s3.amazonaws.com/uifaces/faces/twitter/rachelreveley/128.jpg
Harry M.,false,721,46,https://s3.amazonaws.com/uifaces/faces/twitter/oscarowusu/128.jpg
Winfield H.,true,571,179,https://s3.amazonaws.com/uifaces/faces/twitter/newbrushes/128.jpg
Wilfrid H.,false,235,198,https://s3.amazonaws.com/uifaces/faces/twitter/sethlouey/128.jpg
Jerod T.,false,70,2,https://s3.amazonaws.com/uifaces/faces/twitter/darcystonge/128.jpg
Kamryn L.,false,340,254,https://s3.amazonaws.com/uifaces/faces/twitter/homka/128.jpg
Aric S.,true,988,173,https://s3.amazonaws.com/uifaces/faces/twitter/dzantievm/128.jpg
Mr. S.,false,512,262,https://s3.amazonaws.com/uifaces/faces/twitter/herkulano/128.jpg
Orin R.,false,1264,123,https://s3.amazonaws.com/uifaces/faces/twitter/BrianPurkiss/128.jpg
Llewellyn W.,false,755,38,https://s3.amazonaws.com/uifaces/faces/twitter/j_drake_/128.jpg
Emil T.,true,1190,193,https://s3.amazonaws.com/uifaces/faces/twitter/motionthinks/128.jpg
Reece S.,false,1032,9,https://s3.amazonaws.com/uifaces/faces/twitter/jerrybai1907/128.jpg
Zaria T.,true,1046,141,https://s3.amazonaws.com/uifaces/faces/twitter/mslarkina/128.jpg
Kacey F.,false,971,21,https://s3.amazonaws.com/uifaces/faces/twitter/jonkspr/128.jpg
Aleen N.,true,1262,122,https://s3.amazonaws.com/uifaces/faces/twitter/chaensel/128.jpg
Maurice W.,false,193,278,https://s3.amazonaws.com/uifaces/faces/twitter/_dwite_/128.jpg
Otis D.,false,1059,132,https://s3.amazonaws.com/uifaces/faces/twitter/layerssss/128.jpg
Mrs. T.,true,120,146,https://s3.amazonaws.com/uifaces/faces/twitter/designervzm/128.jpg
Janice T.,true,176,9,https://s3.amazonaws.com/uifaces/faces/twitter/tom_even/128.jpg
Kara C.,false,252,130,https://s3.amazonaws.com/uifaces/faces/twitter/thedjpetersen/128.jpg
Angus K.,false,239,79,https://s3.amazonaws.com/uifaces/faces/twitter/jpscribbles/128.jpg
Ralph O.,true,280,224,https://s3.amazonaws.com/uifaces/faces/twitter/ratbus/128.jpg
Carmelo L.,false,984,42,https://s3.amazonaws.com/uifaces/faces/twitter/a1chapone/128.jpg
Solon M.,true,518,153,https://s3.amazonaws.com/uifaces/faces/twitter/kaelifa/128.jpg
Demond K.,false,484,95,https://s3.amazonaws.com/uifaces/faces/twitter/itstotallyamy/128.jpg
Mr. J.,true,447,90,https://s3.amazonaws.com/uifaces/faces/twitter/shaneIxD/128.jpg
Cletus H.,false,765,260,https://s3.amazonaws.com/uifaces/faces/twitter/alxndrustinov/128.jpg
Emmett H.,true,301,123,https://s3.amazonaws.com/uifaces/faces/twitter/sydlawrence/128.jpg
Sam K.,true,594,119,https://s3.amazonaws.com/uifaces/faces/twitter/enjoythetau/128.jpg
Reilly T.,true,751,85,https://s3.amazonaws.com/uifaces/faces/twitter/traneblow/128.jpg
Velva L.,true,1108,120,https://s3.amazonaws.com/uifaces/faces/twitter/kirangopal/128.jpg
Raphael B.,false,74,224,https://s3.amazonaws.com/uifaces/faces/twitter/spedwig/128.jpg
Mable L.,true,214,160,https://s3.amazonaws.com/uifaces/faces/twitter/kylefrost/128.jpg
Clifford G.,true,363,253,https://s3.amazonaws.com/uifaces/faces/twitter/iqonicd/128.jpg
Jettie W.,false,452,239,https://s3.amazonaws.com/uifaces/faces/twitter/lowie/128.jpg
Scotty M.,false,661,106,https://s3.amazonaws.com/uifaces/faces/twitter/dshster/128.jpg
Pearline M.,true,307,202,https://s3.amazonaws.com/uifaces/faces/twitter/yehudab/128.jpg
Ollie B.,false,949,72,https://s3.amazonaws.com/uifaces/faces/twitter/brenton_clarke/128.jpg
Rhiannon C.,false,373,207,https://s3.amazonaws.com/uifaces/faces/twitter/kudretkeskin/128.jpg
Cortney C.,false,1296,138,https://s3.amazonaws.com/uifaces/faces/twitter/marklamb/128.jpg
Colt R.,true,869,97,https://s3.amazonaws.com/uifaces/faces/twitter/alxndrustinov/128.jpg
Mr. J.,true,78,298,https://s3.amazonaws.com/uifaces/faces/twitter/anatolinicolae/128.jpg
Darrin L.,true,405,173,https://s3.amazonaws.com/uifaces/faces/twitter/rpatey/128.jpg
Cristopher H.,false,137,291,https://s3.amazonaws.com/uifaces/faces/twitter/AlbertoCococi/128.jpg
Jean C.,false,137,206,https://s3.amazonaws.com/uifaces/faces/twitter/linux29/128.jpg
Vivienne H.,true,749,138,https://s3.amazonaws.com/uifaces/faces/twitter/devinhalladay/128.jpg
Morton S.,true,176,276,https://s3.amazonaws.com/uifaces/faces/twitter/adityasutomo/128.jpg
Kaci H.,false,162,293,https://s3.amazonaws.com/uifaces/faces/twitter/greenbes/128.jpg
Dr. C.,false,185,121,https://s3.amazonaws.com/uifaces/faces/twitter/omnizya/128.jpg
Braxton L.,false,892,21,https://s3.amazonaws.com/uifaces/faces/twitter/mds/128.jpg
Estell H.,true,251,293,https://s3.amazonaws.com/uifaces/faces/twitter/vladarbatov/128.jpg
Santiago B.,true,171,150,https://s3.amazonaws.com/uifaces/faces/twitter/byryan/128.jpg
Ciara R.,true,143,171,https://s3.amazonaws.com/uifaces/faces/twitter/jeremyworboys/128.jpg
Enid M.,false,667,125,https://s3.amazonaws.com/uifaces/faces/twitter/vigobronx/128.jpg
Victoria K.,true,959,172,https://s3.amazonaws.com/uifaces/faces/twitter/seyedhossein1/128.jpg
Johnpaul B.,false,530,4,https://s3.amazonaws.com/uifaces/faces/twitter/lisovsky/128.jpg
Karson T.,true,1298,147,https://s3.amazonaws.com/uifaces/faces/twitter/jomarmen/128.jpg
Orin L.,false,180,232,https://s3.amazonaws.com/uifaces/faces/twitter/ahmetsulek/128.jpg
Gwen O.,false,162,127,https://s3.amazonaws.com/uifaces/faces/twitter/anjhero/128.jpg
Floy M.,true,438,289,https://s3.amazonaws.com/uifaces/faces/twitter/jayrobinson/128.jpg
Granville F.,true,1298,261,https://s3.amazonaws.com/uifaces/faces/twitter/divya/128.jpg
Mercedes S.,false,997,23,https://s3.amazonaws.com/uifaces/faces/twitter/amayvs/128.jpg
Ms. O.,true,787,199,https://s3.amazonaws.com/uifaces/faces/twitter/miguelkooreman/128.jpg
Coleman H.,true,348,213,https://s3.amazonaws.com/uifaces/faces/twitter/fran_mchamy/128.jpg
Mr. G.,true,1228,85,https://s3.amazonaws.com/uifaces/faces/twitter/bistrianiosip/128.jpg
Lola S.,true,387,75,https://s3.amazonaws.com/uifaces/faces/twitter/overra/128.jpg
Armand C.,true,444,261,https://s3.amazonaws.com/uifaces/faces/twitter/dcalonaci/128.jpg
Lera B.,false,494,229,https://s3.amazonaws.com/uifaces/faces/twitter/LucasPerdidao/128.jpg
Christophe H.,true,253,286,https://s3.amazonaws.com/uifaces/faces/twitter/imammuht/128.jpg
Leopold M.,false,739,176,https://s3.amazonaws.com/uifaces/faces/twitter/longlivemyword/128.jpg
Missouri H.,false,24,10,https://s3.amazonaws.com/uifaces/faces/twitter/sulaqo/128.jpg
Jean T.,true,936,273,https://s3.amazonaws.com/uifaces/faces/twitter/mtolokonnikov/128.jpg
Ava F.,true,668,113,https://s3.amazonaws.com/uifaces/faces/twitter/aoimedia/128.jpg
Mrs. L.,false,1012,148,https://s3.amazonaws.com/uifaces/faces/twitter/davidhemphill/128.jpg
Lonnie K.,false,1203,272,https://s3.amazonaws.com/uifaces/faces/twitter/primozcigler/128.jpg
Everardo H.,false,911,281,https://s3.amazonaws.com/uifaces/faces/twitter/BryanHorsey/128.jpg
Giovanny C.,true,898,292,https://s3.amazonaws.com/uifaces/faces/twitter/michaelcomiskey/128.jpg
Norma P.,true,1273,189,https://s3.amazonaws.com/uifaces/faces/twitter/ponchomendivil/128.jpg
Luisa C.,false,1183,30,https://s3.amazonaws.com/uifaces/faces/twitter/soffes/128.jpg
Mrs. E.,false,888,148,https://s3.amazonaws.com/uifaces/faces/twitter/travis_arnold/128.jpg
Lawrence O.,false,1103,187,https://s3.amazonaws.com/uifaces/faces/twitter/akmur/128.jpg
Donald Z.,false,998,10,https://s3.amazonaws.com/uifaces/faces/twitter/ratbus/128.jpg
Dr. A.,false,583,46,https://s3.amazonaws.com/uifaces/faces/twitter/kojourin/128.jpg
Esperanza D.,false,1069,256,https://s3.amazonaws.com/uifaces/faces/twitter/karalek/128.jpg
Elnora S.,false,286,97,https://s3.amazonaws.com/uifaces/faces/twitter/xamorep/128.jpg
Bridie S.,true,794,230,https://s3.amazonaws.com/uifaces/faces/twitter/abdulhyeuk/128.jpg
Polly P.,true,1094,59,https://s3.amazonaws.com/uifaces/faces/twitter/robergd/128.jpg
Otha M.,true,916,45,https://s3.amazonaws.com/uifaces/faces/twitter/maximseshuk/128.jpg
Golda H.,false,1227,260,https://s3.amazonaws.com/uifaces/faces/twitter/terpimost/128.jpg
Cristopher K.,false,332,54,https://s3.amazonaws.com/uifaces/faces/twitter/romanbulah/128.jpg
Garrett G.,true,1095,196,https://s3.amazonaws.com/uifaces/faces/twitter/shadeed9/128.jpg
Jaime S.,true,641,208,https://s3.amazonaws.com/uifaces/faces/twitter/rehatkathuria/128.jpg
Americo D.,true,698,112,https://s3.amazonaws.com/uifaces/faces/twitter/kolsvein/128.jpg
Luz F.,false,859,202,https://s3.amazonaws.com/uifaces/faces/twitter/nilshelmersson/128.jpg
Mr. D.,true,333,299,https://s3.amazonaws.com/uifaces/faces/twitter/giancarlon/128.jpg
Miss R.,true,832,86,https://s3.amazonaws.com/uifaces/faces/twitter/itolmach/128.jpg
Vernie C.,false,843,138,https://s3.amazonaws.com/uifaces/faces/twitter/jlsolerdeltoro/128.jpg
Adeline C.,true,360,236,https://s3.amazonaws.com/uifaces/faces/twitter/karthipanraj/128.jpg
Roxane T.,true,318,280,https://s3.amazonaws.com/uifaces/faces/twitter/thaisselenator_/128.jpg
Golda H.,true,1296,230,https://s3.amazonaws.com/uifaces/faces/twitter/marshallchen_/128.jpg
Jakayla S.,true,308,273,https://s3.amazonaws.com/uifaces/faces/twitter/rachelreveley/128.jpg
Harry M.,false,721,46,https://s3.amazonaws.com/uifaces/faces/twitter/oscarowusu/128.jpg
Winfield H.,true,571,179,https://s3.amazonaws.com/uifaces/faces/twitter/newbrushes/128.jpg
Wilfrid H.,false,235,198,https://s3.amazonaws.com/uifaces/faces/twitter/sethlouey/128.jpg
Jerod T.,false,70,2,https://s3.amazonaws.com/uifaces/faces/twitter/darcystonge/128.jpg
Kamryn L.,false,340,254,https://s3.amazonaws.com/uifaces/faces/twitter/homka/128.jpg
Aric S.,true,988,173,https://s3.amazonaws.com/uifaces/faces/twitter/dzantievm/128.jpg
Mr. S.,false,512,262,https://s3.amazonaws.com/uifaces/faces/twitter/herkulano/128.jpg
Orin R.,false,1264,123,https://s3.amazonaws.com/uifaces/faces/twitter/BrianPurkiss/128.jpg
Llewellyn W.,false,755,38,https://s3.amazonaws.com/uifaces/faces/twitter/j_drake_/128.jpg
Emil T.,true,1190,193,https://s3.amazonaws.com/uifaces/faces/twitter/motionthinks/128.jpg
Reece S.,false,1032,9,https://s3.amazonaws.com/uifaces/faces/twitter/jerrybai1907/128.jpg
Zaria T.,true,1046,141,https://s3.amazonaws.com/uifaces/faces/twitter/mslarkina/128.jpg
Kacey F.,false,971,21,https://s3.amazonaws.com/uifaces/faces/twitter/jonkspr/128.jpg
Aleen N.,true,1262,122,https://s3.amazonaws.com/uifaces/faces/twitter/chaensel/128.jpg
Maurice W.,false,193,278,https://s3.amazonaws.com/uifaces/faces/twitter/_dwite_/128.jpg
Otis D.,false,1059,132,https://s3.amazonaws.com/uifaces/faces/twitter/layerssss/128.jpg
Mrs. T.,true,120,146,https://s3.amazonaws.com/uifaces/faces/twitter/designervzm/128.jpg
Janice T.,true,176,9,https://s3.amazonaws.com/uifaces/faces/twitter/tom_even/128.jpg
Kara C.,false,252,130,https://s3.amazonaws.com/uifaces/faces/twitter/thedjpetersen/128.jpg
Angus K.,false,239,79,https://s3.amazonaws.com/uifaces/faces/twitter/jpscribbles/128.jpg
Ralph O.,true,280,224,https://s3.amazonaws.com/uifaces/faces/twitter/ratbus/128.jpg
Carmelo L.,false,984,42,https://s3.amazonaws.com/uifaces/faces/twitter/a1chapone/128.jpg
Solon M.,true,518,153,https://s3.amazonaws.com/uifaces/faces/twitter/kaelifa/128.jpg
Demond K.,false,484,95,https://s3.amazonaws.com/uifaces/faces/twitter/itstotallyamy/128.jpg
Mr. J.,true,447,90,https://s3.amazonaws.com/uifaces/faces/twitter/shaneIxD/128.jpg
Cletus H.,false,765,260,https://s3.amazonaws.com/uifaces/faces/twitter/alxndrustinov/128.jpg
Emmett H.,true,301,123,https://s3.amazonaws.com/uifaces/faces/twitter/sydlawrence/128.jpg
Sam K.,true,594,119,https://s3.amazonaws.com/uifaces/faces/twitter/enjoythetau/128.jpg
Reilly T.,true,751,85,https://s3.amazonaws.com/uifaces/faces/twitter/traneblow/128.jpg
Velva L.,true,1108,120,https://s3.amazonaws.com/uifaces/faces/twitter/kirangopal/128.jpg
Raphael B.,false,74,224,https://s3.amazonaws.com/uifaces/faces/twitter/spedwig/128.jpg
Mable L.,true,214,160,https://s3.amazonaws.com/uifaces/faces/twitter/kylefrost/128.jpg
Clifford G.,true,363,253,https://s3.amazonaws.com/uifaces/faces/twitter/iqonicd/128.jpg
Jettie W.,false,452,239,https://s3.amazonaws.com/uifaces/faces/twitter/lowie/128.jpg
Scotty M.,false,661,106,https://s3.amazonaws.com/uifaces/faces/twitter/dshster/128.jpg
Pearline M.,true,307,202,https://s3.amazonaws.com/uifaces/faces/twitter/yehudab/128.jpg
Ollie B.,false,949,72,https://s3.amazonaws.com/uifaces/faces/twitter/brenton_clarke/128.jpg
Rhiannon C.,false,373,207,https://s3.amazonaws.com/uifaces/faces/twitter/kudretkeskin/128.jpg
Cortney C.,false,1296,138,https://s3.amazonaws.com/uifaces/faces/twitter/marklamb/128.jpg
Colt R.,true,869,97,https://s3.amazonaws.com/uifaces/faces/twitter/alxndrustinov/128.jpg
Mr. J.,true,78,298,https://s3.amazonaws.com/uifaces/faces/twitter/anatolinicolae/128.jpg
Darrin L.,true,405,173,https://s3.amazonaws.com/uifaces/faces/twitter/rpatey/128.jpg
Cristopher H.,false,137,291,https://s3.amazonaws.com/uifaces/faces/twitter/AlbertoCococi/128.jpg
Jean C.,false,137,206,https://s3.amazonaws.com/uifaces/faces/twitter/linux29/128.jpg
Vivienne H.,true,749,138,https://s3.amazonaws.com/uifaces/faces/twitter/devinhalladay/128.jpg
Morton S.,true,176,276,https://s3.amazonaws.com/uifaces/faces/twitter/adityasutomo/128.jpg
Kaci H.,false,162,293,https://s3.amazonaws.com/uifaces/faces/twitter/greenbes/128.jpg
Dr. C.,false,185,121,https://s3.amazonaws.com/uifaces/faces/twitter/omnizya/128.jpg
Braxton L.,false,892,21,https://s3.amazonaws.com/uifaces/faces/twitter/mds/128.jpg
Estell H.,true,251,293,https://s3.amazonaws.com/uifaces/faces/twitter/vladarbatov/128.jpg
Santiago B.,true,171,150,https://s3.amazonaws.com/uifaces/faces/twitter/byryan/128.jpg
Ciara R.,true,143,171,https://s3.amazonaws.com/uifaces/faces/twitter/jeremyworboys/128.jpg
Enid M.,false,667,125,https://s3.amazonaws.com/uifaces/faces/twitter/vigobronx/128.jpg
Victoria K.,true,959,172,https://s3.amazonaws.com/uifaces/faces/twitter/seyedhossein1/128.jpg
Johnpaul B.,false,530,4,https://s3.amazonaws.com/uifaces/faces/twitter/lisovsky/128.jpg
Karson T.,true,1298,147,https://s3.amazonaws.com/uifaces/faces/twitter/jomarmen/128.jpg
Orin L.,false,180,232,https://s3.amazonaws.com/uifaces/faces/twitter/ahmetsulek/128.jpg
Gwen O.,false,162,127,https://s3.amazonaws.com/uifaces/faces/twitter/anjhero/128.jpg
Floy M.,true,438,289,https://s3.amazonaws.com/uifaces/faces/twitter/jayrobinson/128.jpg
Granville F.,true,1298,261,https://s3.amazonaws.com/uifaces/faces/twitter/divya/128.jpg
Mercedes S.,false,997,23,https://s3.amazonaws.com/uifaces/faces/twitter/amayvs/128.jpg
Ms. O.,true,787,199,https://s3.amazonaws.com/uifaces/faces/twitter/miguelkooreman/128.jpg
Coleman H.,true,348,213,https://s3.amazonaws.com/uifaces/faces/twitter/fran_mchamy/128.jpg
Mr. G.,true,1228,85,https://s3.amazonaws.com/uifaces/faces/twitter/bistrianiosip/128.jpg
Lola S.,true,387,75,https://s3.amazonaws.com/uifaces/faces/twitter/overra/128.jpg
Armand C.,true,444,261,https://s3.amazonaws.com/uifaces/faces/twitter/dcalonaci/128.jpg
Lera B.,false,494,229,https://s3.amazonaws.com/uifaces/faces/twitter/LucasPerdidao/128.jpg
Christophe H.,true,253,286,https://s3.amazonaws.com/uifaces/faces/twitter/imammuht/128.jpg
Leopold M.,false,739,176,https://s3.amazonaws.com/uifaces/faces/twitter/longlivemyword/128.jpg
Missouri H.,false,24,10,https://s3.amazonaws.com/uifaces/faces/twitter/sulaqo/128.jpg
Jean T.,true,936,273,https://s3.amazonaws.com/uifaces/faces/twitter/mtolokonnikov/128.jpg
Ava F.,true,668,113,https://s3.amazonaws.com/uifaces/faces/twitter/aoimedia/128.jpg
Mrs. L.,false,1012,148,https://s3.amazonaws.com/uifaces/faces/twitter/davidhemphill/128.jpg
Lonnie K.,false,1203,272,https://s3.amazonaws.com/uifaces/faces/twitter/primozcigler/128.jpg
Everardo H.,false,911,281,https://s3.amazonaws.com/uifaces/faces/twitter/BryanHorsey/128.jpg
Giovanny C.,true,898,292,https://s3.amazonaws.com/uifaces/faces/twitter/michaelcomiskey/128.jpg
Norma P.,true,1273,189,https://s3.amazonaws.com/uifaces/faces/twitter/ponchomendivil/128.jpg
Luisa C.,false,1183,30,https://s3.amazonaws.com/uifaces/faces/twitter/soffes/128.jpg
Mrs. E.,false,888,148,https://s3.amazonaws.com/uifaces/faces/twitter/travis_arnold/128.jpg
Lawrence O.,false,1103,187,https://s3.amazonaws.com/uifaces/faces/twitter/akmur/128.jpg
Donald Z.,false,998,10,https://s3.amazonaws.com/uifaces/faces/twitter/ratbus/128.jpg
Dr. A.,false,583,46,https://s3.amazonaws.com/uifaces/faces/twitter/kojourin/128.jpg
Esperanza D.,false,1069,256,https://s3.amazonaws.com/uifaces/faces/twitter/karalek/128.jpg
Elnora S.,false,286,97,https://s3.amazonaws.com/uifaces/faces/twitter/xamorep/128.jpg
Bridie S.,true,794,230,https://s3.amazonaws.com/uifaces/faces/twitter/abdulhyeuk/128.jpg
Polly P.,true,1094,59,https://s3.amazonaws.com/uifaces/faces/twitter/robergd/128.jpg
Otha M.,true,916,45,https://s3.amazonaws.com/uifaces/faces/twitter/maximseshuk/128.jpg
Golda H.,false,1227,260,https://s3.amazonaws.com/uifaces/faces/twitter/terpimost/128.jpg
Cristopher K.,false,332,54,https://s3.amazonaws.com/uifaces/faces/twitter/romanbulah/128.jpg
Garrett G.,true,1095,196,https://s3.amazonaws.com/uifaces/faces/twitter/shadeed9/128.jpg
Jaime S.,true,641,208,https://s3.amazonaws.com/uifaces/faces/twitter/rehatkathuria/128.jpg
Americo D.,true,698,112,https://s3.amazonaws.com/uifaces/faces/twitter/kolsvein/128.jpg
Luz F.,false,859,202,https://s3.amazonaws.com/uifaces/faces/twitter/nilshelmersson/128.jpg
Mr. D.,true,333,299,https://s3.amazonaws.com/uifaces/faces/twitter/giancarlon/128.jpg
Miss R.,true,832,86,https://s3.amazonaws.com/uifaces/faces/twitter/itolmach/128.jpg
Vernie C.,false,843,138,https://s3.amazonaws.com/uifaces/faces/twitter/jlsolerdeltoro/128.jpg
Adeline C.,true,360,236,https://s3.amazonaws.com/uifaces/faces/twitter/karthipanraj/128.jpg
Roxane T.,true,318,280,https://s3.amazonaws.com/uifaces/faces/twitter/thaisselenator_/128.jpg
Golda H.,true,1296,230,https://s3.amazonaws.com/uifaces/faces/twitter/marshallchen_/128.jpg
Jakayla S.,true,308,273,https://s3.amazonaws.com/uifaces/faces/twitter/rachelreveley/128.jpg
Harry M.,false,721,46,https://s3.amazonaws.com/uifaces/faces/twitter/oscarowusu/128.jpg
Winfield H.,true,571,179,https://s3.amazonaws.com/uifaces/faces/twitter/newbrushes/128.jpg
Wilfrid H.,false,235,198,https://s3.amazonaws.com/uifaces/faces/twitter/sethlouey/128.jpg
Jerod T.,false,70,2,https://s3.amazonaws.com/uifaces/faces/twitter/darcystonge/128.jpg
Kamryn L.,false,340,254,https://s3.amazonaws.com/uifaces/faces/twitter/homka/128.jpg
Aric S.,true,988,173,https://s3.amazonaws.com/uifaces/faces/twitter/dzantievm/128.jpg
Mr. S.,false,512,262,https://s3.amazonaws.com/uifaces/faces/twitter/herkulano/128.jpg
Orin R.,false,1264,123,https://s3.amazonaws.com/uifaces/faces/twitter/BrianPurkiss/128.jpg
Llewellyn W.,false,755,38,https://s3.amazonaws.com/uifaces/faces/twitter/j_drake_/128.jpg
Emil T.,true,1190,193,https://s3.amazonaws.com/uifaces/faces/twitter/motionthinks/128.jpg
Reece S.,false,1032,9,https://s3.amazonaws.com/uifaces/faces/twitter/jerrybai1907/128.jpg
Zaria T.,true,1046,141,https://s3.amazonaws.com/uifaces/faces/twitter/mslarkina/128.jpg
Kacey F.,false,971,21,https://s3.amazonaws.com/uifaces/faces/twitter/jonkspr/128.jpg
Aleen N.,true,1262,122,https://s3.amazonaws.com/uifaces/faces/twitter/chaensel/128.jpg
Maurice W.,false,193,278,https://s3.amazonaws.com/uifaces/faces/twitter/_dwite_/128.jpg
Otis D.,false,1059,132,https://s3.amazonaws.com/uifaces/faces/twitter/layerssss/128.jpg
Mrs. T.,true,120,146,https://s3.amazonaws.com/uifaces/faces/twitter/designervzm/128.jpg
Janice T.,true,176,9,https://s3.amazonaws.com/uifaces/faces/twitter/tom_even/128.jpg
Kara C.,false,252,130,https://s3.amazonaws.com/uifaces/faces/twitter/thedjpetersen/128.jpg
Angus K.,false,239,79,https://s3.amazonaws.com/uifaces/faces/twitter/jpscribbles/128.jpg
Ralph O.,true,280,224,https://s3.amazonaws.com/uifaces/faces/twitter/ratbus/128.jpg
Carmelo L.,false,984,42,https://s3.amazonaws.com/uifaces/faces/twitter/a1chapone/128.jpg
Solon M.,true,518,153,https://s3.amazonaws.com/uifaces/faces/twitter/kaelifa/128.jpg
Demond K.,false,484,95,https://s3.amazonaws.com/uifaces/faces/twitter/itstotallyamy/128.jpg
Mr. J.,true,447,90,https://s3.amazonaws.com/uifaces/faces/twitter/shaneIxD/128.jpg
Cletus H.,false,765,260,https://s3.amazonaws.com/uifaces/faces/twitter/alxndrustinov/128.jpg
Emmett H.,true,301,123,https://s3.amazonaws.com/uifaces/faces/twitter/sydlawrence/128.jpg
Sam K.,true,594,119,https://s3.amazonaws.com/uifaces/faces/twitter/enjoythetau/128.jpg
Reilly T.,true,751,85,https://s3.amazonaws.com/uifaces/faces/twitter/traneblow/128.jpg
Velva L.,true,1108,120,https://s3.amazonaws.com/uifaces/faces/twitter/kirangopal/128.jpg
Raphael B.,false,74,224,https://s3.amazonaws.com/uifaces/faces/twitter/spedwig/128.jpg
Mable L.,true,214,160,https://s3.amazonaws.com/uifaces/faces/twitter/kylefrost/128.jpg
Clifford G.,true,363,253,https://s3.amazonaws.com/uifaces/faces/twitter/iqonicd/128.jpg
Jettie W.,false,452,239,https://s3.amazonaws.com/uifaces/faces/twitter/lowie/128.jpg
Scotty M.,false,661,106,https://s3.amazonaws.com/uifaces/faces/twitter/dshster/128.jpg
Pearline M.,true,307,202,https://s3.amazonaws.com/uifaces/faces/twitter/yehudab/128.jpg
Ollie B.,false,949,72,https://s3.amazonaws.com/uifaces/faces/twitter/brenton_clarke/128.jpg
Rhiannon C.,false,373,207,https://s3.amazonaws.com/uifaces/faces/twitter/kudretkeskin/128.jpg
Cortney C.,false,1296,138,https://s3.amazonaws.com/uifaces/faces/twitter/marklamb/128.jpg
Colt R.,true,869,97,https://s3.amazonaws.com/uifaces/faces/twitter/alxndrustinov/128.jpg
Mr. J.,true,78,298,https://s3.amazonaws.com/uifaces/faces/twitter/anatolinicolae/128.jpg
Darrin L.,true,405,173,https://s3.amazonaws.com/uifaces/faces/twitter/rpatey/128.jpg
Cristopher H.,false,137,291,https://s3.amazonaws.com/uifaces/faces/twitter/AlbertoCococi/128.jpg
Jean C.,false,137,206,https://s3.amazonaws.com/uifaces/faces/twitter/linux29/128.jpg
Vivienne H.,true,749,138,https://s3.amazonaws.com/uifaces/faces/twitter/devinhalladay/128.jpg
Morton S.,true,176,276,https://s3.amazonaws.com/uifaces/faces/twitter/adityasutomo/128.jpg
Kaci H.,false,162,293,https://s3.amazonaws.com/uifaces/faces/twitter/greenbes/128.jpg
Dr. C.,false,185,121,https://s3.amazonaws.com/uifaces/faces/twitter/omnizya/128.jpg
Braxton L.,false,892,21,https://s3.amazonaws.com/uifaces/faces/twitter/mds/128.jpg
Estell H.,true,251,293,https://s3.amazonaws.com/uifaces/faces/twitter/vladarbatov/128.jpg
Santiago B.,true,171,150,https://s3.amazonaws.com/uifaces/faces/twitter/byryan/128.jpg
Ciara R.,true,143,171,https://s3.amazonaws.com/uifaces/faces/twitter/jeremyworboys/128.jpg
Enid M.,false,667,125,https://s3.amazonaws.com/uifaces/faces/twitter/vigobronx/128.jpg
Victoria K.,true,959,172,https://s3.amazonaws.com/uifaces/faces/twitter/seyedhossein1/128.jpg
Johnpaul B.,false,530,4,https://s3.amazonaws.com/uifaces/faces/twitter/lisovsky/128.jpg
Karson T.,true,1298,147,https://s3.amazonaws.com/uifaces/faces/twitter/jomarmen/128.jpg
Orin L.,false,180,232,https://s3.amazonaws.com/uifaces/faces/twitter/ahmetsulek/128.jpg
Gwen O.,false,162,127,https://s3.amazonaws.com/uifaces/faces/twitter/anjhero/128.jpg
Floy M.,true,438,289,https://s3.amazonaws.com/uifaces/faces/twitter/jayrobinson/128.jpg
Granville F.,true,1298,261,https://s3.amazonaws.com/uifaces/faces/twitter/divya/128.jpg
Mercedes S.,false,997,23,https://s3.amazonaws.com/uifaces/faces/twitter/amayvs/128.jpg
Ms. O.,true,787,199,https://s3.amazonaws.com/uifaces/faces/twitter/miguelkooreman/128.jpg
Coleman H.,true,348,213,https://s3.amazonaws.com/uifaces/faces/twitter/fran_mchamy/128.jpg
Mr. G.,true,1228,85,https://s3.amazonaws.com/uifaces/faces/twitter/bistrianiosip/128.jpg
Lola S.,true,387,75,https://s3.amazonaws.com/uifaces/faces/twitter/overra/128.jpg
Armand C.,true,444,261,https://s3.amazonaws.com/uifaces/faces/twitter/dcalonaci/128.jpg
Lera B.,false,494,229,https://s3.amazonaws.com/uifaces/faces/twitter/LucasPerdidao/128.jpg
Christophe H.,true,253,286,https://s3.amazonaws.com/uifaces/faces/twitter/imammuht/128.jpg
Leopold M.,false,739,176,https://s3.amazonaws.com/uifaces/faces/twitter/longlivemyword/128.jpg
Missouri H.,false,24,10,https://s3.amazonaws.com/uifaces/faces/twitter/sulaqo/128.jpg
Jean T.,true,936,273,https://s3.amazonaws.com/uifaces/faces/twitter/mtolokonnikov/128.jpg
Ava F.,true,668,113,https://s3.amazonaws.com/uifaces/faces/twitter/aoimedia/128.jpg
Mrs. L.,false,1012,148,https://s3.amazonaws.com/uifaces/faces/twitter/davidhemphill/128.jpg
Lonnie K.,false,1203,272,https://s3.amazonaws.com/uifaces/faces/twitter/primozcigler/128.jpg
Everardo H.,false,911,281,https://s3.amazonaws.com/uifaces/faces/twitter/BryanHorsey/128.jpg
Giovanny C.,true,898,292,https://s3.amazonaws.com/uifaces/faces/twitter/michaelcomiskey/128.jpg
Norma P.,true,1273,189,https://s3.amazonaws.com/uifaces/faces/twitter/ponchomendivil/128.jpg
Luisa C.,false,1183,30,https://s3.amazonaws.com/uifaces/faces/twitter/soffes/128.jpg
Mrs. E.,false,888,148,https://s3.amazonaws.com/uifaces/faces/twitter/travis_arnold/128.jpg
Lawrence O.,false,1103,187,https://s3.amazonaws.com/uifaces/faces/twitter/akmur/128.jpg
Donald Z.,false,998,10,https://s3.amazonaws.com/uifaces/faces/twitter/ratbus/128.jpg
Dr. A.,false,583,46,https://s3.amazonaws.com/uifaces/faces/twitter/kojourin/128.jpg
Esperanza D.,false,1069,256,https://s3.amazonaws.com/uifaces/faces/twitter/karalek/128.jpg
Elnora S.,false,286,97,https://s3.amazonaws.com/uifaces/faces/twitter/xamorep/128.jpg
Bridie S.,true,794,230,https://s3.amazonaws.com/uifaces/faces/twitter/abdulhyeuk/128.jpg
Polly P.,true,1094,59,https://s3.amazonaws.com/uifaces/faces/twitter/robergd/128.jpg
Otha M.,true,916,45,https://s3.amazonaws.com/uifaces/faces/twitter/maximseshuk/128.jpg
Golda H.,false,1227,260,https://s3.amazonaws.com/uifaces/faces/twitter/terpimost/128.jpg
Cristopher K.,false,332,54,https://s3.amazonaws.com/uifaces/faces/twitter/romanbulah/128.jpg
Garrett G.,true,1095,196,https://s3.amazonaws.com/uifaces/faces/twitter/shadeed9/128.jpg
Jaime S.,true,641,208,https://s3.amazonaws.com/uifaces/faces/twitter/rehatkathuria/128.jpg
Americo D.,true,698,112,https://s3.amazonaws.com/uifaces/faces/twitter/kolsvein/128.jpg
Luz F.,false,859,202,https://s3.amazonaws.com/uifaces/faces/twitter/nilshelmersson/128.jpg
Mr. D.,true,333,299,https://s3.amazonaws.com/uifaces/faces/twitter/giancarlon/128.jpg
Miss R.,true,832,86,https://s3.amazonaws.com/uifaces/faces/twitter/itolmach/128.jpg
Vernie C.,false,843,138,https://s3.amazonaws.com/uifaces/faces/twitter/jlsolerdeltoro/128.jpg
Adeline C.,true,360,236,https://s3.amazonaws.com/uifaces/faces/twitter/karthipanraj/128.jpg
Roxane T.,true,318,280,https://s3.amazonaws.com/uifaces/faces/twitter/thaisselenator_/128.jpg
Golda H.,true,1296,230,https://s3.amazonaws.com/uifaces/faces/twitter/marshallchen_/128.jpg
Jakayla S.,true,308,273,https://s3.amazonaws.com/uifaces/faces/twitter/rachelreveley/128.jpg
Harry M.,false,721,46,https://s3.amazonaws.com/uifaces/faces/twitter/oscarowusu/128.jpg
Winfield H.,true,571,179,https://s3.amazonaws.com/uifaces/faces/twitter/newbrushes/128.jpg
Wilfrid H.,false,235,198,https://s3.amazonaws.com/uifaces/faces/twitter/sethlouey/128.jpg
Jerod T.,false,70,2,https://s3.amazonaws.com/uifaces/faces/twitter/darcystonge/128.jpg
Kamryn L.,false,340,254,https://s3.amazonaws.com/uifaces/faces/twitter/homka/128.jpg
Aric S.,true,988,173,https://s3.amazonaws.com/uifaces/faces/twitter/dzantievm/128.jpg
Mr. S.,false,512,262,https://s3.amazonaws.com/uifaces/faces/twitter/herkulano/128.jpg
Orin R.,false,1264,123,https://s3.amazonaws.com/uifaces/faces/twitter/BrianPurkiss/128.jpg
Llewellyn W.,false,755,38,https://s3.amazonaws.com/uifaces/faces/twitter/j_drake_/128.jpg
Emil T.,true,1190,193,https://s3.amazonaws.com/uifaces/faces/twitter/motionthinks/128.jpg
Reece S.,false,1032,9,https://s3.amazonaws.com/uifaces/faces/twitter/jerrybai1907/128.jpg
Zaria T.,true,1046,141,https://s3.amazonaws.com/uifaces/faces/twitter/mslarkina/128.jpg
Kacey F.,false,971,21,https://s3.amazonaws.com/uifaces/faces/twitter/jonkspr/128.jpg
Aleen N.,true,1262,122,https://s3.amazonaws.com/uifaces/faces/twitter/chaensel/128.jpg
Maurice W.,false,193,278,https://s3.amazonaws.com/uifaces/faces/twitter/_dwite_/128.jpg
Otis D.,false,1059,132,https://s3.amazonaws.com/uifaces/faces/twitter/layerssss/128.jpg
Mrs. T.,true,120,146,https://s3.amazonaws.com/uifaces/faces/twitter/designervzm/128.jpg
Janice T.,true,176,9,https://s3.amazonaws.com/uifaces/faces/twitter/tom_even/128.jpg
Kara C.,false,252,130,https://s3.amazonaws.com/uifaces/faces/twitter/thedjpetersen/128.jpg
Angus K.,false,239,79,https://s3.amazonaws.com/uifaces/faces/twitter/jpscribbles/128.jpg
Ralph O.,true,280,224,https://s3.amazonaws.com/uifaces/faces/twitter/ratbus/128.jpg
Carmelo L.,false,984,42,https://s3.amazonaws.com/uifaces/faces/twitter/a1chapone/128.jpg
Solon M.,true,518,153,https://s3.amazonaws.com/uifaces/faces/twitter/kaelifa/128.jpg
Demond K.,false,484,95,https://s3.amazonaws.com/uifaces/faces/twitter/itstotallyamy/128.jpg
Mr. J.,true,447,90,https://s3.amazonaws.com/uifaces/faces/twitter/shaneIxD/128.jpg
Cletus H.,false,765,260,https://s3.amazonaws.com/uifaces/faces/twitter/alxndrustinov/128.jpg
Emmett H.,true,301,123,https://s3.amazonaws.com/uifaces/faces/twitter/sydlawrence/128.jpg
Sam K.,true,594,119,https://s3.amazonaws.com/uifaces/faces/twitter/enjoythetau/128.jpg
Reilly T.,true,751,85,https://s3.amazonaws.com/uifaces/faces/twitter/traneblow/128.jpg
Velva L.,true,1108,120,https://s3.amazonaws.com/uifaces/faces/twitter/kirangopal/128.jpg
Raphael B.,false,74,224,https://s3.amazonaws.com/uifaces/faces/twitter/spedwig/128.jpg
Mable L.,true,214,160,https://s3.amazonaws.com/uifaces/faces/twitter/kylefrost/128.jpg
Clifford G.,true,363,253,https://s3.amazonaws.com/uifaces/faces/twitter/iqonicd/128.jpg
Jettie W.,false,452,239,https://s3.amazonaws.com/uifaces/faces/twitter/lowie/128.jpg
Scotty M.,false,661,106,https://s3.amazonaws.com/uifaces/faces/twitter/dshster/128.jpg
Pearline M.,true,307,202,https://s3.amazonaws.com/uifaces/faces/twitter/yehudab/128.jpg
Ollie B.,false,949,72,https://s3.amazonaws.com/uifaces/faces/twitter/brenton_clarke/128.jpg
Rhiannon C.,false,373,207,https://s3.amazonaws.com/uifaces/faces/twitter/kudretkeskin/128.jpg
Cortney C.,false,1296,138,https://s3.amazonaws.com/uifaces/faces/twitter/marklamb/128.jpg
Colt R.,true,869,97,https://s3.amazonaws.com/uifaces/faces/twitter/alxndrustinov/128.jpg
Mr. J.,true,78,298,https://s3.amazonaws.com/uifaces/faces/twitter/anatolinicolae/128.jpg
Darrin L.,true,405,173,https://s3.amazonaws.com/uifaces/faces/twitter/rpatey/128.jpg
Cristopher H.,false,137,291,https://s3.amazonaws.com/uifaces/faces/twitter/AlbertoCococi/128.jpg
Jean C.,false,137,206,https://s3.amazonaws.com/uifaces/faces/twitter/linux29/128.jpg
Vivienne H.,true,749,138,https://s3.amazonaws.com/uifaces/faces/twitter/devinhalladay/128.jpg
Morton S.,true,176,276,https://s3.amazonaws.com/uifaces/faces/twitter/adityasutomo/128.jpg
Kaci H.,false,162,293,https://s3.amazonaws.com/uifaces/faces/twitter/greenbes/128.jpg
Dr. C.,false,185,121,https://s3.amazonaws.com/uifaces/faces/twitter/omnizya/128.jpg
Braxton L.,false,892,21,https://s3.amazonaws.com/uifaces/faces/twitter/mds/128.jpg
Estell H.,true,251,293,https://s3.amazonaws.com/uifaces/faces/twitter/vladarbatov/128.jpg
Santiago B.,true,171,150,https://s3.amazonaws.com/uifaces/faces/twitter/byryan/128.jpg
Ciara R.,true,143,171,https://s3.amazonaws.com/uifaces/faces/twitter/jeremyworboys/128.jpg
Enid M.,false,667,125,https://s3.amazonaws.com/uifaces/faces/twitter/vigobronx/128.jpg
Victoria K.,true,959,172,https://s3.amazonaws.com/uifaces/faces/twitter/seyedhossein1/128.jpg
Johnpaul B.,false,530,4,https://s3.amazonaws.com/uifaces/faces/twitter/lisovsky/128.jpg
Karson T.,true,1298,147,https://s3.amazonaws.com/uifaces/faces/twitter/jomarmen/128.jpg
Orin L.,false,180,232,https://s3.amazonaws.com/uifaces/faces/twitter/ahmetsulek/128.jpg
Gwen O.,false,162,127,https://s3.amazonaws.com/uifaces/faces/twitter/anjhero/128.jpg
Floy M.,true,438,289,https://s3.amazonaws.com/uifaces/faces/twitter/jayrobinson/128.jpg
Granville F.,true,1298,261,https://s3.amazonaws.com/uifaces/faces/twitter/divya/128.jpg
Mercedes S.,false,997,23,https://s3.amazonaws.com/uifaces/faces/twitter/amayvs/128.jpg
Ms. O.,true,787,199,https://s3.amazonaws.com/uifaces/faces/twitter/miguelkooreman/128.jpg
Coleman H.,true,348,213,https://s3.amazonaws.com/uifaces/faces/twitter/fran_mchamy/128.jpg
Mr. G.,true,1228,85,https://s3.amazonaws.com/uifaces/faces/twitter/bistrianiosip/128.jpg
Lola S.,true,387,75,https://s3.amazonaws.com/uifaces/faces/twitter/overra/128.jpg
Armand C.,true,444,261,https://s3.amazonaws.com/uifaces/faces/twitter/dcalonaci/128.jpg
Lera B.,false,494,229,https://s3.amazonaws.com/uifaces/faces/twitter/LucasPerdidao/128.jpg
Christophe H.,true,253,286,https://s3.amazonaws.com/uifaces/faces/twitter/imammuht/128.jpg
Leopold M.,false,739,176,https://s3.amazonaws.com/uifaces/faces/twitter/longlivemyword/128.jpg
Missouri H.,false,24,10,https://s3.amazonaws.com/uifaces/faces/twitter/sulaqo/128.jpg
Jean T.,true,936,273,https://s3.amazonaws.com/uifaces/faces/twitter/mtolokonnikov/128.jpg
Ava F.,true,668,113,https://s3.amazonaws.com/uifaces/faces/twitter/aoimedia/128.jpg
Mrs. L.,false,1012,148,https://s3.amazonaws.com/uifaces/faces/twitter/davidhemphill/128.jpg
Lonnie K.,false,1203,272,https://s3.amazonaws.com/uifaces/faces/twitter/primozcigler/128.jpg
Everardo H.,false,911,281,https://s3.amazonaws.com/uifaces/faces/twitter/BryanHorsey/128.jpg
Giovanny C.,true,898,292,https://s3.amazonaws.com/uifaces/faces/twitter/michaelcomiskey/128.jpg
Norma P.,true,1273,189,https://s3.amazonaws.com/uifaces/faces/twitter/ponchomendivil/128.jpg
Luisa C.,false,1183,30,https://s3.amazonaws.com/uifaces/faces/twitter/soffes/128.jpg
Mrs. E.,false,888,148,https://s3.amazonaws.com/uifaces/faces/twitter/travis_arnold/128.jpg
Lawrence O.,false,1103,187,https://s3.amazonaws.com/uifaces/faces/twitter/akmur/128.jpg
Donald Z.,false,998,10,https://s3.amazonaws.com/uifaces/faces/twitter/ratbus/128.jpg
Dr. A.,false,583,46,https://s3.amazonaws.com/uifaces/faces/twitter/kojourin/128.jpg
Esperanza D.,false,1069,256,https://s3.amazonaws.com/uifaces/faces/twitter/karalek/128.jpg
Elnora S.,false,286,97,https://s3.amazonaws.com/uifaces/faces/twitter/xamorep/128.jpg
Bridie S.,true,794,230,https://s3.amazonaws.com/uifaces/faces/twitter/abdulhyeuk/128.jpg
Polly P.,true,1094,59,https://s3.amazonaws.com/uifaces/faces/twitter/robergd/128.jpg
Otha M.,true,916,45,https://s3.amazonaws.com/uifaces/faces/twitter/maximseshuk/128.jpg
Golda H.,false,1227,260,https://s3.amazonaws.com/uifaces/faces/twitter/terpimost/128.jpg
Cristopher K.,false,332,54,https://s3.amazonaws.com/uifaces/faces/twitter/romanbulah/128.jpg
Garrett G.,true,1095,196,https://s3.amazonaws.com/uifaces/faces/twitter/shadeed9/128.jpg
Jaime S.,true,641,208,https://s3.amazonaws.com/uifaces/faces/twitter/rehatkathuria/128.jpg
Americo D.,true,698,112,https://s3.amazonaws.com/uifaces/faces/twitter/kolsvein/128.jpg
Luz F.,false,859,202,https://s3.amazonaws.com/uifaces/faces/twitter/nilshelmersson/128.jpg
Mr. D.,true,333,299,https://s3.amazonaws.com/uifaces/faces/twitter/giancarlon/128.jpg
Miss R.,true,832,86,https://s3.amazonaws.com/uifaces/faces/twitter/itolmach/128.jpg
Vernie C.,false,843,138,https://s3.amazonaws.com/uifaces/faces/twitter/jlsolerdeltoro/128.jpg
Adeline C.,true,360,236,https://s3.amazonaws.com/uifaces/faces/twitter/karthipanraj/128.jpg
Roxane T.,true,318,280,https://s3.amazonaws.com/uifaces/faces/twitter/thaisselenator_/128.jpg
Golda H.,true,1296,230,https://s3.amazonaws.com/uifaces/faces/twitter/marshallchen_/128.jpg
Jakayla S.,true,308,273,https://s3.amazonaws.com/uifaces/faces/twitter/rachelreveley/128.jpg
Harry M.,false,721,46,https://s3.amazonaws.com/uifaces/faces/twitter/oscarowusu/128.jpg
Winfield H.,true,571,179,https://s3.amazonaws.com/uifaces/faces/twitter/newbrushes/128.jpg
Wilfrid H.,false,235,198,https://s3.amazonaws.com/uifaces/faces/twitter/sethlouey/128.jpg
Jerod T.,false,70,2,https://s3.amazonaws.com/uifaces/faces/twitter/darcystonge/128.jpg
Kamryn L.,false,340,254,https://s3.amazonaws.com/uifaces/faces/twitter/homka/128.jpg
Aric S.,true,988,173,https://s3.amazonaws.com/uifaces/faces/twitter/dzantievm/128.jpg
Mr. S.,false,512,262,https://s3.amazonaws.com/uifaces/faces/twitter/herkulano/128.jpg
Orin R.,false,1264,123,https://s3.amazonaws.com/uifaces/faces/twitter/BrianPurkiss/128.jpg
Llewellyn W.,false,755,38,https://s3.amazonaws.com/uifaces/faces/twitter/j_drake_/128.jpg
Emil T.,true,1190,193,https://s3.amazonaws.com/uifaces/faces/twitter/motionthinks/128.jpg
Reece S.,false,1032,9,https://s3.amazonaws.com/uifaces/faces/twitter/jerrybai1907/128.jpg
Zaria T.,true,1046,141,https://s3.amazonaws.com/uifaces/faces/twitter/mslarkina/128.jpg
Kacey F.,false,971,21,https://s3.amazonaws.com/uifaces/faces/twitter/jonkspr/128.jpg
Aleen N.,true,1262,122,https://s3.amazonaws.com/uifaces/faces/twitter/chaensel/128.jpg
Maurice W.,false,193,278,https://s3.amazonaws.com/uifaces/faces/twitter/_dwite_/128.jpg
Otis D.,false,1059,132,https://s3.amazonaws.com/uifaces/faces/twitter/layerssss/128.jpg
Mrs. T.,true,120,146,https://s3.amazonaws.com/uifaces/faces/twitter/designervzm/128.jpg
Janice T.,true,176,9,https://s3.amazonaws.com/uifaces/faces/twitter/tom_even/128.jpg
Kara C.,false,252,130,https://s3.amazonaws.com/uifaces/faces/twitter/thedjpetersen/128.jpg
Angus K.,false,239,79,https://s3.amazonaws.com/uifaces/faces/twitter/jpscribbles/128.jpg
Ralph O.,true,280,224,https://s3.amazonaws.com/uifaces/faces/twitter/ratbus/128.jpg
Carmelo L.,false,984,42,https://s3.amazonaws.com/uifaces/faces/twitter/a1chapone/128.jpg
Solon M.,true,518,153,https://s3.amazonaws.com/uifaces/faces/twitter/kaelifa/128.jpg
Demond K.,false,484,95,https://s3.amazonaws.com/uifaces/faces/twitter/itstotallyamy/128.jpg
Mr. J.,true,447,90,https://s3.amazonaws.com/uifaces/faces/twitter/shaneIxD/128.jpg
Cletus H.,false,765,260,https://s3.amazonaws.com/uifaces/faces/twitter/alxndrustinov/128.jpg
Emmett H.,true,301,123,https://s3.amazonaws.com/uifaces/faces/twitter/sydlawrence/128.jpg
Sam K.,true,594,119,https://s3.amazonaws.com/uifaces/faces/twitter/enjoythetau/128.jpg
Reilly T.,true,751,85,https://s3.amazonaws.com/uifaces/faces/twitter/traneblow/128.jpg
Velva L.,true,1108,120,https://s3.amazonaws.com/uifaces/faces/twitter/kirangopal/128.jpg
Raphael B.,false,74,224,https://s3.amazonaws.com/uifaces/faces/twitter/spedwig/128.jpg
Mable L.,true,214,160,https://s3.amazonaws.com/uifaces/faces/twitter/kylefrost/128.jpg
Clifford G.,true,363,253,https://s3.amazonaws.com/uifaces/faces/twitter/iqonicd/128.jpg
Jettie W.,false,452,239,https://s3.amazonaws.com/uifaces/faces/twitter/lowie/128.jpg
Scotty M.,false,661,106,https://s3.amazonaws.com/uifaces/faces/twitter/dshster/128.jpg
Pearline M.,true,307,202,https://s3.amazonaws.com/uifaces/faces/twitter/yehudab/128.jpg
Ollie B.,false,949,72,https://s3.amazonaws.com/uifaces/faces/twitter/brenton_clarke/128.jpg
Rhiannon C.,false,373,207,https://s3.amazonaws.com/uifaces/faces/twitter/kudretkeskin/128.jpg
Cortney C.,false,1296,138,https://s3.amazonaws.com/uifaces/faces/twitter/marklamb/128.jpg
Colt R.,true,869,97,https://s3.amazonaws.com/uifaces/faces/twitter/alxndrustinov/128.jpg
Mr. J.,true,78,298,https://s3.amazonaws.com/uifaces/faces/twitter/anatolinicolae/128.jpg
Darrin L.,true,405,173,https://s3.amazonaws.com/uifaces/faces/twitter/rpatey/128.jpg
Cristopher H.,false,137,291,https://s3.amazonaws.com/uifaces/faces/twitter/AlbertoCococi/128.jpg
Jean C.,false,137,206,https://s3.amazonaws.com/uifaces/faces/twitter/linux29/128.jpg
Vivienne H.,true,749,138,https://s3.amazonaws.com/uifaces/faces/twitter/devinhalladay/128.jpg
Morton S.,true,176,276,https://s3.amazonaws.com/uifaces/faces/twitter/adityasutomo/128.jpg
Kaci H.,false,162,293,https://s3.amazonaws.com/uifaces/faces/twitter/greenbes/128.jpg
Dr. C.,false,185,121,https://s3.amazonaws.com/uifaces/faces/twitter/omnizya/128.jpg
Braxton L.,false,892,21,https://s3.amazonaws.com/uifaces/faces/twitter/mds/128.jpg
Estell H.,true,251,293,https://s3.amazonaws.com/uifaces/faces/twitter/vladarbatov/128.jpg
Santiago B.,true,171,150,https://s3.amazonaws.com/uifaces/faces/twitter/byryan/128.jpg
Ciara R.,true,143,171,https://s3.amazonaws.com/uifaces/faces/twitter/jeremyworboys/128.jpg
Enid M.,false,667,125,https://s3.amazonaws.com/uifaces/faces/twitter/vigobronx/128.jpg
Victoria K.,true,959,172,https://s3.amazonaws.com/uifaces/faces/twitter/seyedhossein1/128.jpg
Johnpaul B.,false,530,4,https://s3.amazonaws.com/uifaces/faces/twitter/lisovsky/128.jpg
Karson T.,true,1298,147,https://s3.amazonaws.com/uifaces/faces/twitter/jomarmen/128.jpg
Orin L.,false,180,232,https://s3.amazonaws.com/uifaces/faces/twitter/ahmetsulek/128.jpg
Gwen O.,false,162,127,https://s3.amazonaws.com/uifaces/faces/twitter/anjhero/128.jpg
Floy M.,true,438,289,https://s3.amazonaws.com/uifaces/faces/twitter/jayrobinson/128.jpg
Granville F.,true,1298,261,https://s3.amazonaws.com/uifaces/faces/twitter/divya/128.jpg
Mercedes S.,false,997,23,https://s3.amazonaws.com/uifaces/faces/twitter/amayvs/128.jpg
Ms. O.,true,787,199,https://s3.amazonaws.com/uifaces/faces/twitter/miguelkooreman/128.jpg
Coleman H.,true,348,213,https://s3.amazonaws.com/uifaces/faces/twitter/fran_mchamy/128.jpg
Mr. G.,true,1228,85,https://s3.amazonaws.com/uifaces/faces/twitter/bistrianiosip/128.jpg
Lola S.,true,387,75,https://s3.amazonaws.com/uifaces/faces/twitter/overra/128.jpg
Armand C.,true,444,261,https://s3.amazonaws.com/uifaces/faces/twitter/dcalonaci/128.jpg
Lera B.,false,494,229,https://s3.amazonaws.com/uifaces/faces/twitter/LucasPerdidao/128.jpg
Christophe H.,true,253,286,https://s3.amazonaws.com/uifaces/faces/twitter/imammuht/128.jpg
Leopold M.,false,739,176,https://s3.amazonaws.com/uifaces/faces/twitter/longlivemyword/128.jpg
Missouri H.,false,24,10,https://s3.amazonaws.com/uifaces/faces/twitter/sulaqo/128.jpg
Jean T.,true,936,273,https://s3.amazonaws.com/uifaces/faces/twitter/mtolokonnikov/128.jpg
Ava F.,true,668,113,https://s3.amazonaws.com/uifaces/faces/twitter/aoimedia/128.jpg
Mrs. L.,false,1012,148,https://s3.amazonaws.com/uifaces/faces/twitter/davidhemphill/128.jpg
Lonnie K.,false,1203,272,https://s3.amazonaws.com/uifaces/faces/twitter/primozcigler/128.jpg
Everardo H.,false,911,281,https://s3.amazonaws.com/uifaces/faces/twitter/BryanHorsey/128.jpg
Giovanny C.,true,898,292,https://s3.amazonaws.com/uifaces/faces/twitter/michaelcomiskey/128.jpg
Norma P.,true,1273,189,https://s3.amazonaws.com/uifaces/faces/twitter/ponchomendivil/128.jpg
Luisa C.,false,1183,30,https://s3.amazonaws.com/uifaces/faces/twitter/soffes/128.jpg
Mrs. E.,false,888,148,https://s3.amazonaws.com/uifaces/faces/twitter/travis_arnold/128.jpg
Lawrence O.,false,1103,187,https://s3.amazonaws.com/uifaces/faces/twitter/akmur/128.jpg
Donald Z.,false,998,10,https://s3.amazonaws.com/uifaces/faces/twitter/ratbus/128.jpg
Dr. A.,false,583,46,https://s3.amazonaws.com/uifaces/faces/twitter/kojourin/128.jpg
Esperanza D.,false,1069,256,https://s3.amazonaws.com/uifaces/faces/twitter/karalek/128.jpg
Elnora S.,false,286,97,https://s3.amazonaws.com/uifaces/faces/twitter/xamorep/128.jpg
Bridie S.,true,794,230,https://s3.amazonaws.com/uifaces/faces/twitter/abdulhyeuk/128.jpg
Polly P.,true,1094,59,https://s3.amazonaws.com/uifaces/faces/twitter/robergd/128.jpg
Otha M.,true,916,45,https://s3.amazonaws.com/uifaces/faces/twitter/maximseshuk/128.jpg
Golda H.,false,1227,260,https://s3.amazonaws.com/uifaces/faces/twitter/terpimost/128.jpg
Cristopher K.,false,332,54,https://s3.amazonaws.com/uifaces/faces/twitter/romanbulah/128.jpg
Garrett G.,true,1095,196,https://s3.amazonaws.com/uifaces/faces/twitter/shadeed9/128.jpg
Jaime S.,true,641,208,https://s3.amazonaws.com/uifaces/faces/twitter/rehatkathuria/128.jpg
Americo D.,true,698,112,https://s3.amazonaws.com/uifaces/faces/twitter/kolsvein/128.jpg
Luz F.,false,859,202,https://s3.amazonaws.com/uifaces/faces/twitter/nilshelmersson/128.jpg
Mr. D.,true,333,299,https://s3.amazonaws.com/uifaces/faces/twitter/giancarlon/128.jpg
Miss R.,true,832,86,https://s3.amazonaws.com/uifaces/faces/twitter/itolmach/128.jpg
Vernie C.,false,843,138,https://s3.amazonaws.com/uifaces/faces/twitter/jlsolerdeltoro/128.jpg
Adeline C.,true,360,236,https://s3.amazonaws.com/uifaces/faces/twitter/karthipanraj/128.jpg
Roxane T.,true,318,280,https://s3.amazonaws.com/uifaces/faces/twitter/thaisselenator_/128.jpg
Golda H.,true,1296,230,https://s3.amazonaws.com/uifaces/faces/twitter/marshallchen_/128.jpg
Jakayla S.,true,308,273,https://s3.amazonaws.com/uifaces/faces/twitter/rachelreveley/128.jpg
Harry M.,false,721,46,https://s3.amazonaws.com/uifaces/faces/twitter/oscarowusu/128.jpg
Winfield H.,true,571,179,https://s3.amazonaws.com/uifaces/faces/twitter/newbrushes/128.jpg
Wilfrid H.,false,235,198,https://s3.amazonaws.com/uifaces/faces/twitter/sethlouey/128.jpg
Jerod T.,false,70,2,https://s3.amazonaws.com/uifaces/faces/twitter/darcystonge/128.jpg
Kamryn L.,false,340,254,https://s3.amazonaws.com/uifaces/faces/twitter/homka/128.jpg
Aric S.,true,988,173,https://s3.amazonaws.com/uifaces/faces/twitter/dzantievm/128.jpg
Mr. S.,false,512,262,https://s3.amazonaws.com/uifaces/faces/twitter/herkulano/128.jpg
Orin R.,false,1264,123,https://s3.amazonaws.com/uifaces/faces/twitter/BrianPurkiss/128.jpg
Llewellyn W.,false,755,38,https://s3.amazonaws.com/uifaces/faces/twitter/j_drake_/128.jpg
Emil T.,true,1190,193,https://s3.amazonaws.com/uifaces/faces/twitter/motionthinks/128.jpg
Reece S.,false,1032,9,https://s3.amazonaws.com/uifaces/faces/twitter/jerrybai1907/128.jpg
Zaria T.,true,1046,141,https://s3.amazonaws.com/uifaces/faces/twitter/mslarkina/128.jpg
Kacey F.,false,971,21,https://s3.amazonaws.com/uifaces/faces/twitter/jonkspr/128.jpg
Aleen N.,true,1262,122,https://s3.amazonaws.com/uifaces/faces/twitter/chaensel/128.jpg
Maurice W.,false,193,278,https://s3.amazonaws.com/uifaces/faces/twitter/_dwite_/128.jpg
Otis D.,false,1059,132,https://s3.amazonaws.com/uifaces/faces/twitter/layerssss/128.jpg
Mrs. T.,true,120,146,https://s3.amazonaws.com/uifaces/faces/twitter/designervzm/128.jpg
Janice T.,true,176,9,https://s3.amazonaws.com/uifaces/faces/twitter/tom_even/128.jpg
Kara C.,false,252,130,https://s3.amazonaws.com/uifaces/faces/twitter/thedjpetersen/128.jpg
Angus K.,false,239,79,https://s3.amazonaws.com/uifaces/faces/twitter/jpscribbles/128.jpg
Ralph O.,true,280,224,https://s3.amazonaws.com/uifaces/faces/twitter/ratbus/128.jpg
Carmelo L.,false,984,42,https://s3.amazonaws.com/uifaces/faces/twitter/a1chapone/128.jpg
Solon M.,true,518,153,https://s3.amazonaws.com/uifaces/faces/twitter/kaelifa/128.jpg
Demond K.,false,484,95,https://s3.amazonaws.com/uifaces/faces/twitter/itstotallyamy/128.jpg
Mr. J.,true,447,90,https://s3.amazonaws.com/uifaces/faces/twitter/shaneIxD/128.jpg
Cletus H.,false,765,260,https://s3.amazonaws.com/uifaces/faces/twitter/alxndrustinov/128.jpg
Emmett H.,true,301,123,https://s3.amazonaws.com/uifaces/faces/twitter/sydlawrence/128.jpg
Sam K.,true,594,119,https://s3.amazonaws.com/uifaces/faces/twitter/enjoythetau/128.jpg
Reilly T.,true,751,85,https://s3.amazonaws.com/uifaces/faces/twitter/traneblow/128.jpg
Velva L.,true,1108,120,https://s3.amazonaws.com/uifaces/faces/twitter/kirangopal/128.jpg
Raphael B.,false,74,224,https://s3.amazonaws.com/uifaces/faces/twitter/spedwig/128.jpg
Mable L.,true,214,160,https://s3.amazonaws.com/uifaces/faces/twitter/kylefrost/128.jpg
Clifford G.,true,363,253,https://s3.amazonaws.com/uifaces/faces/twitter/iqonicd/128.jpg
Jettie W.,false,452,239,https://s3.amazonaws.com/uifaces/faces/twitter/lowie/128.jpg
Scotty M.,false,661,106,https://s3.amazonaws.com/uifaces/faces/twitter/dshster/128.jpg
Pearline M.,true,307,202,https://s3.amazonaws.com/uifaces/faces/twitter/yehudab/128.jpg
Ollie B.,false,949,72,https://s3.amazonaws.com/uifaces/faces/twitter/brenton_clarke/128.jpg
Rhiannon C.,false,373,207,https://s3.amazonaws.com/uifaces/faces/twitter/kudretkeskin/128.jpg
Cortney C.,false,1296,138,https://s3.amazonaws.com/uifaces/faces/twitter/marklamb/128.jpg
Colt R.,true,869,97,https://s3.amazonaws.com/uifaces/faces/twitter/alxndrustinov/128.jpg
Mr. J.,true,78,298,https://s3.amazonaws.com/uifaces/faces/twitter/anatolinicolae/128.jpg
Darrin L.,true,405,173,https://s3.amazonaws.com/uifaces/faces/twitter/rpatey/128.jpg
Cristopher H.,false,137,291,https://s3.amazonaws.com/uifaces/faces/twitter/AlbertoCococi/128.jpg
Jean C.,false,137,206,https://s3.amazonaws.com/uifaces/faces/twitter/linux29/128.jpg
Vivienne H.,true,749,138,https://s3.amazonaws.com/uifaces/faces/twitter/devinhalladay/128.jpg
Morton S.,true,176,276,https://s3.amazonaws.com/uifaces/faces/twitter/adityasutomo/128.jpg
Kaci H.,false,162,293,https://s3.amazonaws.com/uifaces/faces/twitter/greenbes/128.jpg
Dr. C.,false,185,121,https://s3.amazonaws.com/uifaces/faces/twitter/omnizya/128.jpg
Braxton L.,false,892,21,https://s3.amazonaws.com/uifaces/faces/twitter/mds/128.jpg
Estell H.,true,251,293,https://s3.amazonaws.com/uifaces/faces/twitter/vladarbatov/128.jpg
Santiago B.,true,171,150,https://s3.amazonaws.com/uifaces/faces/twitter/byryan/128.jpg
Ciara R.,true,143,171,https://s3.amazonaws.com/uifaces/faces/twitter/jeremyworboys/128.jpg
Enid M.,false,667,125,https://s3.amazonaws.com/uifaces/faces/twitter/vigobronx/128.jpg
Victoria K.,true,959,172,https://s3.amazonaws.com/uifaces/faces/twitter/seyedhossein1/128.jpg
Johnpaul B.,false,530,4,https://s3.amazonaws.com/uifaces/faces/twitter/lisovsky/128.jpg
Karson T.,true,1298,147,https://s3.amazonaws.com/uifaces/faces/twitter/jomarmen/128.jpg
Orin L.,false,180,232,https://s3.amazonaws.com/uifaces/faces/twitter/ahmetsulek/128.jpg
Gwen O.,false,162,127,https://s3.amazonaws.com/uifaces/faces/twitter/anjhero/128.jpg
Floy M.,true,438,289,https://s3.amazonaws.com/uifaces/faces/twitter/jayrobinson/128.jpg
Granville F.,true,1298,261,https://s3.amazonaws.com/uifaces/faces/twitter/divya/128.jpg
Mercedes S.,false,997,23,https://s3.amazonaws.com/uifaces/faces/twitter/amayvs/128.jpg
Ms. O.,true,787,199,https://s3.amazonaws.com/uifaces/faces/twitter/miguelkooreman/128.jpg
Coleman H.,true,348,213,https://s3.amazonaws.com/uifaces/faces/twitter/fran_mchamy/128.jpg
Mr. G.,true,1228,85,https://s3.amazonaws.com/uifaces/faces/twitter/bistrianiosip/128.jpg
Lola S.,true,387,75,https://s3.amazonaws.com/uifaces/faces/twitter/overra/128.jpg
Armand C.,true,444,261,https://s3.amazonaws.com/uifaces/faces/twitter/dcalonaci/128.jpg
Lera B.,false,494,229,https://s3.amazonaws.com/uifaces/faces/twitter/LucasPerdidao/128.jpg
Christophe H.,true,253,286,https://s3.amazonaws.com/uifaces/faces/twitter/imammuht/128.jpg
Leopold M.,false,739,176,https://s3.amazonaws.com/uifaces/faces/twitter/longlivemyword/128.jpg
Missouri H.,false,24,10,https://s3.amazonaws.com/uifaces/faces/twitter/sulaqo/128.jpg
Jean T.,true,936,273,https://s3.amazonaws.com/uifaces/faces/twitter/mtolokonnikov/128.jpg
Ava F.,true,668,113,https://s3.amazonaws.com/uifaces/faces/twitter/aoimedia/128.jpg
Mrs. L.,false,1012,148,https://s3.amazonaws.com/uifaces/faces/twitter/davidhemphill/128.jpg
Lonnie K.,false,1203,272,https://s3.amazonaws.com/uifaces/faces/twitter/primozcigler/128.jpg
Everardo H.,false,911,281,https://s3.amazonaws.com/uifaces/faces/twitter/BryanHorsey/128.jpg
Giovanny C.,true,898,292,https://s3.amazonaws.com/uifaces/faces/twitter/michaelcomiskey/128.jpg
Norma P.,true,1273,189,https://s3.amazonaws.com/uifaces/faces/twitter/ponchomendivil/128.jpg
Luisa C.,false,1183,30,https://s3.amazonaws.com/uifaces/faces/twitter/soffes/128.jpg
Mrs. E.,false,888,148,https://s3.amazonaws.com/uifaces/faces/twitter/travis_arnold/128.jpg
Lawrence O.,false,1103,187,https://s3.amazonaws.com/uifaces/faces/twitter/akmur/128.jpg
Donald Z.,false,998,10,https://s3.amazonaws.com/uifaces/faces/twitter/ratbus/128.jpg
Dr. A.,false,583,46,https://s3.amazonaws.com/uifaces/faces/twitter/kojourin/128.jpg
Esperanza D.,false,1069,256,https://s3.amazonaws.com/uifaces/faces/twitter/karalek/128.jpg
Elnora S.,false,286,97,https://s3.amazonaws.com/uifaces/faces/twitter/xamorep/128.jpg
Bridie S.,true,794,230,https://s3.amazonaws.com/uifaces/faces/twitter/abdulhyeuk/128.jpg
Polly P.,true,1094,59,https://s3.amazonaws.com/uifaces/faces/twitter/robergd/128.jpg
Otha M.,true,916,45,https://s3.amazonaws.com/uifaces/faces/twitter/maximseshuk/128.jpg
Golda H.,false,1227,260,https://s3.amazonaws.com/uifaces/faces/twitter/terpimost/128.jpg
Cristopher K.,false,332,54,https://s3.amazonaws.com/uifaces/faces/twitter/romanbulah/128.jpg
Garrett G.,true,1095,196,https://s3.amazonaws.com/uifaces/faces/twitter/shadeed9/128.jpg
Jaime S.,true,641,208,https://s3.amazonaws.com/uifaces/faces/twitter/rehatkathuria/128.jpg
Americo D.,true,698,112,https://s3.amazonaws.com/uifaces/faces/twitter/kolsvein/128.jpg
Luz F.,false,859,202,https://s3.amazonaws.com/uifaces/faces/twitter/nilshelmersson/128.jpg
Mr. D.,true,333,299,https://s3.amazonaws.com/uifaces/faces/twitter/giancarlon/128.jpg
Miss R.,true,832,86,https://s3.amazonaws.com/uifaces/faces/twitter/itolmach/128.jpg
Vernie C.,false,843,138,https://s3.amazonaws.com/uifaces/faces/twitter/jlsolerdeltoro/128.jpg
Adeline C.,true,360,236,https://s3.amazonaws.com/uifaces/faces/twitter/karthipanraj/128.jpg
Roxane T.,true,318,280,https://s3.amazonaws.com/uifaces/faces/twitter/thaisselenator_/128.jpg
Golda H.,true,1296,230,https://s3.amazonaws.com/uifaces/faces/twitter/marshallchen_/128.jpg
